duration,voiced_fraction,f0_mean,f0_std,f0_min,f0_max,f0_range,rms,intensity_mean,intensity_std,intensity_max,intensity_min,hnr_mean,hnr_std,file,emotion,actor
3.3032916666666665,0.308868501529052,111.84901197912123,17.7262073156489,80.76557238569708,157.81439077794505,77.04881839224797,0.004000635368123584,13.61132238549368,28.647544780053757,58.3942795573105,-33.43141479674899,7.490393884954887,4.492634702022591,03-01-01-01-01-01-01.wav,neutral,1
3.3366666666666664,0.3212121212121212,117.2450677981639,18.327279560257715,84.4734084560687,163.59713697481914,79.12372851875044,0.004283341239936691,15.508136403725661,27.263850315473263,59.07749398803734,-36.88180148094862,9.24104234700035,4.6001730521966975,03-01-01-01-01-02-01.wav,neutral,1
3.2699166666666666,0.32507739938080493,112.329467856273,15.661057208475878,86.82703068677597,146.77465112468008,59.947620437904106,0.005083605183869431,14.72562889667004,29.133901841470276,59.96331173944167,-50.57834255563663,8.468530824584315,4.426387314478921,03-01-01-01-02-01-01.wav,neutral,1
3.1698333333333335,0.31309904153354634,111.16959196003512,16.1617817394507,84.94246164789051,146.51151417729608,61.56905252940557,0.00488614712483351,16.049077435699434,27.288905122903806,59.728545564085834,-34.29810838918391,8.4949226969455,4.546157808093677,03-01-01-01-02-02-01.wav,neutral,1
3.4701458333333335,0.34011627906976744,142.9775064692216,21.85009206561545,87.07490232781252,182.45324503322024,95.37834270540772,0.0071729003667574025,20.510607365471646,28.328980652085054,60.62978348705097,-19.519291374735676,8.494017050371028,4.97885230959716,03-01-03-01-01-01-01.wav,happy,1
3.470125,0.32848837209302323,166.56798686515475,89.49600746872197,100.270292303486,543.4728632323028,443.2025709288167,0.00832028211243844,21.166797651297458,30.12043499391983,63.499098318051885,-35.71759241868742,8.442664166338307,4.144204197588171,03-01-03-01-01-02-01.wav,happy,1
3.5368541666666666,0.3457142857142857,130.17295389870236,17.807117799197943,95.33354721337643,170.57114061004415,75.23759339666772,0.0064091377414960925,18.500993997257563,29.90755553282889,60.43786678923611,-34.22695219456676,8.513486943624118,5.145305734949904,03-01-03-01-02-01-01.wav,happy,1
3.703708333333333,0.35967302452316074,125.94877054503652,14.939167889803437,97.06146339802154,169.19564322498874,72.1341798269672,0.005991647266506646,21.947211446214244,27.888301546240278,58.685198456592325,-28.200767251035003,8.401408243822397,5.463599732393901,03-01-03-01-02-02-01.wav,happy,1
3.6703333333333332,0.34065934065934067,225.0777948960146,85.74295132958663,136.86248307961608,596.1667703355386,459.3042872559225,0.011030492326087474,23.035961646604918,30.063479172727327,67.33175145984595,-36.22520329328049,9.456614429951072,5.678220769147986,03-01-03-02-01-01-01.wav,happy,1
3.6369583333333333,0.35833333333333334,205.04297892083952,60.45365047632165,107.50002470728944,492.3132805477997,384.81325584051024,0.01446255670779267,26.91050114662411,32.87766603411048,70.15135865437321,-300.0,11.501574113478513,5.385314335123913,03-01-03-02-01-02-01.wav,happy,1
3.93725,0.3974358974358974,177.4352288444606,27.9818304937,116.91786054360827,224.63661210923684,107.71875156562857,0.017518894932031164,31.08292990978204,28.994455927200942,70.06036956545576,-38.697111012624426,8.34950030706313,5.548707916865732,03-01-03-02-02-01-01.wav,happy,1
3.9372708333333333,0.38461538461538464,174.03858727723036,20.991151249417435,120.82424106166657,221.657032215058,100.83279115339143,0.016335869508194933,27.736118813660102,32.251036856056395,68.90410068883072,-32.76931419988005,8.503032607608342,5.813618501814573,03-01-03-02-02-02-01.wav,happy,1
3.8371666666666666,0.3263157894736842,123.23735626144071,16.70382853333404,82.49331503768467,159.23543934499074,76.74212430730607,0.0037387191499883856,8.223293767459927,52.892326582304875,58.900183989091985,-300.0,10.332845336204741,5.576111134209052,03-01-04-01-01-01-01.wav,sad,1
3.5702291666666666,0.2796610169491525,110.95547885535198,12.564927790616416,88.73791906010518,142.8323470276925,54.09442796758731,0.0034804939101095627,15.515897851076888,27.97528678826112,56.92525620823563,-56.49691881980789,9.59360447105812,5.872190644611005,03-01-04-01-01-02-01.wav,sad,1
3.5035,0.3112391930835735,110.79986526160677,10.807068179078557,81.13378657030918,143.12482270701355,61.991036136704366,0.0030210581697040287,3.3780732176809556,49.545010237181444,54.7154416868214,-300.0,9.077137792820668,5.364264668924829,03-01-04-01-02-01-01.wav,sad,1
3.370041666666667,0.31137724550898205,111.8333913701604,14.04589517661783,82.60720194106827,153.37926627191203,70.77206433084376,0.003945899456546566,11.90218368479739,31.803329190898914,56.77479843508734,-79.34010900080034,8.274818857691566,5.7855951540670585,03-01-04-01-02-02-01.wav,sad,1
3.8037916666666667,0.3421750663129973,122.87540157674964,9.654921626157524,106.11230384108906,148.65891163844358,42.546607797354525,0.004732837309709008,17.476480347516254,38.48141091092873,59.028093931835016,-300.0,11.229957823026783,7.881718489926943,03-01-04-02-01-01-01.wav,sad,1
3.703708333333333,0.33242506811989103,140.77122825305207,23.139270543913213,75.07071712069396,193.62146733651255,118.5507502158186,0.008611271583674668,13.387453145099078,44.86648293986025,65.45400642985028,-300.0,11.590640824431961,5.445136538336987,03-01-04-02-01-02-01.wav,sad,1
3.7370833333333335,0.36486486486486486,142.1992045102648,22.58424103356713,102.08082187428377,200.3235291982911,98.24270732400734,0.008392269499391836,15.626830574652638,44.56018645021732,63.66065758215521,-300.0,9.539833588249843,5.328093655167668,03-01-04-02-02-01-01.wav,sad,1
3.7370625,0.3675675675675676,141.21232429467142,19.411255065254927,110.33326875132242,197.61893783793002,87.2856690866076,0.009765804363279318,19.793620219251284,34.100787159334644,63.07493827384686,-38.20166405526713,8.358226317596362,4.752670956098773,03-01-04-02-02-02-01.wav,sad,1
3.8705416666666665,0.2786458333333333,162.6685739653406,40.560135526006945,114.34652418955851,265.0279372235166,150.68141303395805,0.015064571506317057,14.126527361071078,67.837275941832,69.69557819806697,-300.0,7.307525050971999,4.837125326064422,03-01-05-01-01-01-01.wav,angry,1
3.9372708333333333,0.3076923076923077,183.25010182341458,52.2422659839203,113.53114111420591,322.7269670509309,209.195825936725,0.015829281673245425,26.596563002022407,32.34473131230876,69.73773241366067,-53.60991770296384,6.845986155092791,5.4909272844054415,03-01-05-01-01-02-01.wav,angry,1
3.5035,0.29394812680115273,157.7010526733494,34.179118110249654,107.73287688574457,224.87842734980163,117.14555046405705,0.012078899207416737,22.226137007587656,31.14792589177002,68.66999318556739,-29.59399560403022,5.841921170323149,5.484272662861989,03-01-05-01-02-01-01.wav,angry,1
3.7370625,0.3,157.6483073683994,32.75192824621406,95.80809998451554,240.4691094739893,144.66100948947377,0.01865324133660346,26.583833716613697,37.609465236924684,71.25080996663564,-300.0,6.463051054774899,5.890395082869466,03-01-05-01-02-02-01.wav,angry,1
4.104104166666667,0.3783783783783784,327.86434003065074,70.96786860927133,84.21946798672445,421.5688723111363,337.34940432441186,0.08897253400875613,43.131413309639626,32.12088580626056,83.78392278721566,-37.9486928317781,9.244590671823065,6.686003756229696,03-01-05-02-01-01-01.wav,angry,1
4.371041666666667,0.38940092165898615,250.37788736969827,49.09843121600859,91.00624551160958,329.9485941784373,238.94234866682774,0.05375795718999049,47.44223486597838,23.58325822399716,80.87777005036456,4.076337992595991,10.74343362979493,6.231870091235991,03-01-05-02-01-02-01.wav,angry,1
4.137458333333333,0.32926829268292684,240.30979572129212,59.12305974338747,78.5689793989826,366.6450315023026,288.07605210331997,0.05624743014412038,43.73886811932973,24.807938737016794,80.4035135262179,-13.03500498915078,7.863349333398439,6.3278578020453455,03-01-05-02-02-01-01.wav,angry,1
4.437770833333333,0.4090909090909091,341.3043018228515,65.6941073658464,85.7017730011087,419.8848137440231,334.1830407429144,0.14970125676824786,51.60726186745416,26.62677093118233,87.4289596352989,-5.138828665591726,9.12077324293154,7.177261483021838,03-01-05-02-02-02-01.wav,angry,1
3.6703333333333332,0.32967032967032966,150.56955401225076,44.46422183261557,107.74633408785749,480.5018453914183,372.75551130356087,0.010111522664536686,27.550183169482843,25.866526628615603,65.89807627204861,-18.655573660403995,11.4770325538415,5.563174357207213,03-01-06-01-01-01-01.wav,fearful,1
3.636979166666667,0.375,162.99700793120505,25.796327056337088,104.06335247628583,215.9088959101159,111.84554343383006,0.009289662379754147,24.40943850201647,27.66531520293457,62.96805361726597,-17.640535302929997,9.285604546733948,5.66647733447156,03-01-06-01-01-02-01.wav,fearful,1
3.4367708333333336,0.3558823529411765,122.09674408845746,22.997984148656517,85.01114469858874,200.7336664800031,115.72252178141437,0.008191191568416738,26.392324859098007,25.71427973354187,62.88459063121351,-22.272706312652364,9.196986230055222,6.086350998047887,03-01-06-01-02-01-01.wav,fearful,1
3.7036875,0.34877384196185285,127.05402732367159,10.107204880254573,92.90280889386314,161.96762365720525,69.06481476334211,0.00742290274154682,24.399338600313087,27.95081766523089,61.89973124679121,-25.573640977253106,9.77842056624074,6.8297689387506235,03-01-06-01-02-02-01.wav,fearful,1
5.005,0.2716297786720322,221.9515963597864,41.467561629702594,143.76972339840978,294.6621132499686,150.89238985155885,0.031092717114739012,42.53784498440173,17.999409664872548,76.69071000150466,6.732693692927528,10.688951368951642,5.864717788538869,03-01-06-02-01-01-01.wav,fearful,1
4.2375625,0.3619047619047619,262.74235775249184,42.833843281661856,169.48724211907557,420.5184779913989,251.03123587232335,0.04017542280518142,44.9707271186337,20.225377981877305,81.84719249242725,1.1269221304210686,14.942119345692713,6.896075173263788,03-01-06-02-01-02-01.wav,fearful,1
3.970625,0.39086294416243655,257.764079607506,38.54077765277139,146.97139609103291,385.10503420983355,238.13363811880063,0.06285861910412271,48.67094791912993,20.82714246927406,82.7664972379444,3.622866793655299,10.45396302221051,6.309069503549855,03-01-06-02-02-01-01.wav,fearful,1
3.9039166666666665,0.36175710594315247,250.93092579478352,32.35453294267731,180.01809834253203,348.5135603405187,168.4954619979867,0.0428628712659624,44.25655350573502,21.65236115818283,79.31169054202232,-8.564592495301094,11.969627822732651,4.634244426838005,03-01-06-02-02-02-01.wav,fearful,1
3.8705208333333334,0.3020833333333333,147.66221404377367,42.196771521361484,81.35403828197649,256.72060032208697,175.36656204011047,0.004418998583377794,14.185985660564812,60.14922874558288,59.078558015339844,-300.0,8.373301479406376,6.796115956779615,03-01-07-01-01-01-01.wav,disgust,1
3.9038958333333333,0.28165374677002586,186.11418557077948,77.43998484051541,76.81437640444794,589.2214147242984,512.4070383198505,0.005243483732998244,22.39476462143569,26.697473248731487,61.23004354599216,-33.223261051203174,8.312754535568418,7.223584521662121,03-01-07-01-01-02-01.wav,disgust,1
3.9038958333333333,0.37209302325581395,115.90071020299507,20.810169646857535,81.19845673692056,149.57515983480002,68.37670309787946,0.004453282057778818,21.51119843924432,27.848027702798582,56.83567032625713,-33.53444804022915,8.503531797739564,5.772201197996011,03-01-07-01-02-01-01.wav,disgust,1
3.8371666666666666,0.3447368421052632,128.43003163732635,25.296429353557276,82.20308456107225,181.9307548274045,99.72767026633227,0.004891570501389544,17.746300484761793,30.22040305064382,58.59677077744579,-64.1813811174098,8.79314671195335,6.7992426861012065,03-01-07-01-02-02-01.wav,disgust,1
4.304291666666667,0.3255269320843091,251.18916461423046,71.88628046792188,95.25794442175967,440.2758958853668,345.0179514636071,0.02072794902950532,35.938795645858676,24.95450592461262,74.31034807659589,-31.5371313062415,11.225394723931473,7.427826255539043,03-01-07-02-01-01-01.wav,disgust,1
4.104104166666667,0.32923832923832924,273.9555394132617,89.11272544579084,153.73783390953957,591.0190778528164,437.2812439432768,0.020742491044658338,30.27092702583172,37.22329117628663,72.30184616525906,-300.0,10.56252434783717,6.89746250973548,03-01-07-02-01-02-01.wav,disgust,1
4.037375,0.355,207.59515864944214,44.16635587658518,129.02202853627116,298.3787148368395,169.35668630056833,0.019093842992488588,32.518659520550635,30.295934639510232,70.21515118098962,-53.905916583164284,8.853288832632423,7.643336052416113,03-01-07-02-02-01-01.wav,disgust,1
4.371020833333334,0.33640552995391704,229.06736004717553,93.0156763035821,76.70687653379638,487.1694462232393,410.4625696894429,0.019441119720376,29.663332467980396,30.847554629210396,73.9092385707029,-20.84701817262095,8.186638813850507,6.3251067697306835,03-01-07-02-02-02-01.wav,disgust,1
3.403395833333333,0.3323442136498516,150.0629009752376,35.55293907188473,103.91948149378447,219.8066605815633,115.88717908777883,0.0058163381663930425,10.9408549814452,36.40121258581925,63.57469857925109,-300.0,7.971534623812562,3.9172832245520333,03-01-08-01-01-01-01.wav,surprised,1
3.2699166666666666,0.2848297213622291,128.26452469296342,14.580667650744385,98.7346834618511,169.30525781441327,70.57057435256216,0.005750185671416074,7.608634611109815,44.94494343101283,61.14012767956005,-300.0,7.114240342826824,4.390268076207483,03-01-08-01-01-02-01.wav,surprised,1
3.536875,0.32285714285714284,131.44428085408936,20.751692661100428,94.9617916193067,176.73354948212378,81.77175786281708,0.0059326647996045655,16.332862147319954,34.22848292602016,61.45670338568049,-300.0,8.922274467180655,5.047704153695652,03-01-08-01-02-01-01.wav,surprised,1
3.2699166666666666,0.2848297213622291,150.12621071199922,21.43802170353025,103.24681077478135,196.2437425554151,92.99693178063376,0.006849781015211995,11.435413278126568,34.711141819862384,60.943296017750875,-62.38387618183061,7.686121882118206,5.358301213830467,03-01-08-01-02-02-01.wav,surprised,1
3.43675,0.29411764705882354,171.05718242862932,41.06292170789163,76.14897065858518,240.68286762601468,164.53389696742948,0.012245984432672238,13.64284490453369,49.890166747231405,65.50564809182211,-300.0,7.330934379107172,4.1040218657443575,03-01-08-02-01-01-01.wav,surprised,1
3.5702291666666666,0.3220338983050847,187.51058588219715,49.20491184188414,85.26177444361284,278.8113813382196,193.54960689460674,0.016739022808470134,10.320801692976042,63.909255586128765,69.63743405090267,-300.0,7.921563598338737,5.142625893478092,03-01-08-02-01-02-01.wav,surprised,1
3.5035,0.3314121037463977,166.03286095877655,58.000256942006786,130.073202847241,473.09594687951363,343.0227440322726,0.011375550655169861,13.306705366447385,52.51332330991377,64.30539766422069,-300.0,7.706209452184935,5.689968788652326,03-01-08-02-02-01-01.wav,surprised,1
3.2699375,0.30340557275541796,215.62772639253137,34.09335031268887,140.0502874698311,292.1877506081016,152.13746313827053,0.01618284845521438,20.320170258087785,34.07772446124779,67.53513494818225,-48.41602989864023,7.725714033384604,5.5346941711619015,03-01-08-02-02-02-01.wav,surprised,1
3.6369583333333333,0.2861111111111111,242.0007695105417,60.171212654456994,172.42551187885925,385.14491770626,212.71940582740075,0.006454026790481427,-20.462784413278936,114.90378280541717,63.63160212994572,-300.0,10.124520223283968,7.805121698147213,03-01-01-01-01-01-02.wav,neutral,2
3.6036041666666665,0.3165266106442577,244.06149789816473,75.97386873733575,77.06894768861571,413.3708747875565,336.3019270989408,0.006149307978866504,-1.5296090083296532,87.80740377674252,61.392618013036056,-300.0,10.322301592319704,8.13032480765534,03-01-01-01-01-02-02.wav,neutral,2
3.7704166666666667,0.3074866310160428,243.20269967145916,50.06643455213755,80.37174634399969,354.06517616870457,273.6934298247049,0.009507012544207421,12.557024770260051,64.40947501609268,65.8473414870975,-300.0,10.94293644729415,8.123790406490563,03-01-01-01-02-01-02.wav,neutral,2
3.6035833333333334,0.3081232492997199,238.73948262518329,47.46948698603468,163.20196515446042,356.8428352566914,193.64087010223096,0.008513573618528338,0.8459160549217799,87.36473241215816,64.40782744012111,-300.0,10.327572907197958,8.557148566699793,03-01-01-01-02-02-02.wav,neutral,2
3.6036041666666665,0.3473389355742297,241.77095421603462,70.02006129108496,83.52973766468243,391.6553586598722,308.12562099518976,0.012553205586205473,25.901514945747937,26.32183187016132,69.84398745123188,-10.404525897009096,13.200062157651834,7.592045198013443,03-01-03-01-01-01-02.wav,happy,2
3.7036875,0.33787465940054495,244.07391317737262,69.64261719989327,84.39029024693048,396.18664430536626,311.7963540584358,0.010873543455356236,12.964892483130903,66.45838106001628,67.023438039846,-300.0,12.114894996885516,7.482416815566925,03-01-03-01-01-02-02.wav,happy,2
3.7704375,0.3716577540106952,235.70753183002876,45.56316930582222,173.16125889875468,359.70462538659706,186.54336648784238,0.012114800330619492,-13.025807068695729,113.63184336691651,68.46846800002034,-300.0,12.503281738260135,5.940490872947723,03-01-03-01-02-01-02.wav,happy,2
3.7370833333333335,0.3621621621621622,245.20030028845522,67.58880041873921,90.93535861006671,576.8633299734726,485.92797136340585,0.011911331134854456,25.99371507420173,26.95800875532746,68.54482392278672,-15.926418168330663,11.203222206181511,6.979095066446257,03-01-03-01-02-02-02.wav,happy,2
3.703708333333333,0.37329700272479566,282.04530189886304,70.2760386711707,187.75326438383038,441.0473286750015,253.2940642911711,0.03146612915516705,-6.607324184595945,115.38504849666396,78.09929544676963,-300.0,11.656987130388309,5.6095440140687804,03-01-03-02-01-01-02.wav,happy,2
3.6703333333333332,0.36813186813186816,285.396240844837,83.56403533431128,183.9341218650662,471.1238023922827,287.1896805272165,0.032305388209770636,20.7333101604507,69.10002548678861,77.9737154901235,-300.0,10.94663534177647,5.424470977194472,03-01-03-02-01-02-02.wav,happy,2
3.703708333333333,0.38419618528610355,250.615197426688,53.65438176487348,174.21817919385384,362.5994925225111,188.38131332865728,0.02104913036939787,31.015682708334417,26.894408523146634,74.27771733207857,-10.117141429751314,12.490567286567419,6.21130515308809,03-01-03-02-02-01-02.wav,happy,2
3.8705208333333334,0.3958333333333333,262.4526702047359,65.55883907675485,187.10723115814383,420.1141165039678,233.00688534582397,0.023041490408573333,-14.44281484063508,123.34793679934884,74.1981234311698,-300.0,12.417764292127774,6.696987009723963,03-01-03-02-02-02-02.wav,happy,2
3.8371666666666666,0.3736842105263158,230.28932361308532,30.917569729920118,195.50421948848845,320.27055612484213,124.76633663635369,0.0047169786207761,-39.577734651245834,134.96387521283285,57.89022473988305,-300.0,14.789649790669827,8.307754202834275,03-01-04-01-01-01-02.wav,sad,2
3.7704375,0.3449197860962567,229.39302501771212,38.21351478890348,75.11527945841065,316.71067251274843,241.59539305433776,0.00554068783068979,-37.13188727166605,132.6666998610726,62.20886906575208,-300.0,14.485306687881712,7.577876313827611,03-01-04-01-01-02-02.wav,sad,2
3.7370625,0.4,216.66619884622915,21.141959605784795,191.4848145470014,282.74016205123604,91.25534750423463,0.005862392991222239,-31.587664994348707,127.31403455171038,63.24075495132655,-300.0,16.520102673334762,9.147683321210618,03-01-04-01-02-01-02.wav,sad,2
3.7704375,0.38235294117647056,219.02009311416563,17.85173286176497,194.71808140275712,284.7408161862371,90.02273478347999,0.00547483099999535,-16.19123013997977,107.7388300516323,61.84055002150878,-300.0,16.03145765299963,8.747244983971243,03-01-04-01-02-02-02.wav,sad,2
3.7370833333333335,0.2864864864864865,258.1058604841774,66.78350841194792,79.80319434497042,441.4579370419284,361.654742696958,0.005279001005360126,-23.99241369487314,116.59613986513936,63.9958793679051,-300.0,11.75813345735745,5.776572052986775,03-01-04-02-01-01-02.wav,sad,2
3.7704166666666667,0.3315508021390374,231.75390853671286,57.46912002248356,121.95683553277932,377.12876951695443,255.1719339841751,0.0044017642595219715,-20.455814005567444,114.11124885775331,59.4186995488312,-300.0,9.217337719393289,7.397735941896056,03-01-04-02-01-02-02.wav,sad,2
3.7036875,0.3678474114441417,223.1699587018965,58.78010596862934,100.56880007190593,342.51299459860195,241.94419452669604,0.006623014517170025,-22.10686062420703,115.12198670315902,62.4588477037738,-300.0,12.087327249641591,7.233353693277776,03-01-04-02-02-01-02.wav,sad,2
3.6703333333333332,0.3076923076923077,283.63902155878225,50.381340509038495,139.37231246320144,498.39787104574117,359.0255585825397,0.0055734009601679365,-32.248899915674684,128.32134009396765,61.87044584880595,-300.0,8.541189231487897,7.940813868402709,03-01-04-02-02-02-02.wav,sad,2
3.6703333333333332,0.32142857142857145,253.93212803498685,68.00351532664268,101.53453441748111,460.36782281152483,358.83328839404373,0.012110753832072808,-22.763232648556816,125.1883583578397,70.15038862467279,-300.0,9.998174525929741,6.904313104276449,03-01-05-01-01-01-02.wav,angry,2
3.6703333333333332,0.31043956043956045,245.34431457685093,66.10689389121434,83.50411092581436,374.3034772625164,290.79936633670206,0.013068773780360001,21.65215397095286,50.83917086858782,71.05669178995839,-300.0,10.200055505431964,7.520306350239273,03-01-05-01-01-02-02.wav,angry,2
3.7704166666666667,0.32887700534759357,236.35329361640515,50.618991338580955,104.22253471993251,327.00084278605914,222.7783080661266,0.013859756234965569,4.75815721334855,89.67899847123448,68.43538198177653,-300.0,8.067071031274873,7.840934249457863,03-01-05-01-02-01-02.wav,angry,2
3.8037916666666667,0.32360742705570295,232.42162379053497,52.04256486773391,76.40823051359756,309.1814758172354,232.77324530363785,0.01401382546756872,-8.275510712287499,111.57322795042727,68.89827360212243,-300.0,8.209719220537748,7.384980701322941,03-01-05-01-02-02-02.wav,angry,2
3.9039166666666665,0.3333333333333333,333.5336818204536,82.57477001439356,163.0093981225672,464.9824420175628,301.9730438949956,0.04238877203874125,-7.4564767627580215,120.77374318871901,79.5010479297149,-300.0,11.261885818971576,7.357481656807111,03-01-05-02-01-01-02.wav,angry,2
4.004,0.345088161209068,299.93104875311553,69.372131246833,154.8314728223522,438.2056174133692,283.37414459101706,0.033056993314440425,-5.118549781369659,114.39335666695153,76.02627185775339,-300.0,9.916493000431801,5.371492689817242,03-01-05-02-01-02-02.wav,angry,2
4.004,0.37279596977329976,346.5097234340253,72.5830434441192,164.58118047079645,492.65813207695254,328.07695160615606,0.08012896444120488,26.117219650172718,63.464435957437516,84.61944551784794,-300.0,11.775627930657922,6.089335843408408,03-01-05-02-02-01-02.wav,angry,2
4.004,0.3853904282115869,339.85650471433866,72.11518077082128,187.56487307494575,480.803548978574,293.23867590362823,0.06853185890865614,9.158284355599132,100.78366738836075,81.65565473367776,-300.0,11.884577825243532,6.980687043624062,03-01-05-02-02-02-02.wav,angry,2
3.636979166666667,0.3472222222222222,314.86805313378653,25.662742521541073,271.69095698224817,361.6819512503395,89.99099426809136,0.012599238782850696,2.3811698817551292,98.1404794383846,67.55605101142555,-300.0,14.898628498456372,8.69614326536321,03-01-06-01-01-01-02.wav,fearful,2
3.7370625,0.37027027027027026,328.67027631215245,32.33664059673774,266.29577476954785,396.8695415860538,130.57376681650595,0.013394125954368995,-2.807208544691481,105.39915079209648,69.19693387359823,-300.0,13.99222839468421,7.610191195463337,03-01-06-01-01-02-02.wav,fearful,2
3.6703333333333332,0.37637362637362637,315.9019282707708,30.065208337784014,263.24200791911966,393.1957794933403,129.95377157422064,0.014404230304342222,14.839289593031971,75.2705991395088,68.33421211961851,-300.0,11.885999746253763,8.149982107719474,03-01-06-01-02-01-02.wav,fearful,2
3.7370625,0.3783783783783784,336.1757176342351,20.330682113998126,287.0540715065961,393.68061369469564,106.62654218809956,0.014481636834372086,25.889929442880355,48.838517003804114,67.8903654482001,-300.0,11.657334066591153,8.242309586560463,03-01-06-01-02-02-02.wav,fearful,2
3.8037916666666667,0.32360742705570295,414.9842684821515,27.59947759229937,353.825805625105,492.34693858783515,138.52113296273018,0.024201282529658807,14.866789122472413,78.97606267456635,75.43774860201735,-300.0,16.540565287946823,6.553806351045862,03-01-06-02-01-01-02.wav,fearful,2
3.636979166666667,0.34444444444444444,410.36627959189923,30.06493227247525,354.0899526994287,491.3633885145528,137.27343581512412,0.03017295653115143,19.65061754853286,74.71716062302302,76.78861395966476,-300.0,17.236139134260174,5.921644342550376,03-01-06-02-01-02-02.wav,fearful,2
3.6036041666666665,0.3445378151260504,407.9785277596875,45.788890472443825,344.44078247973886,548.4354791928616,203.99469671312278,0.03214539511417978,14.066858318657559,87.51262971076521,75.98536010611029,-300.0,12.759566045105244,7.473587822755524,03-01-06-02-02-01-02.wav,fearful,2
3.6036041666666665,0.3389355742296919,401.5460333136863,36.58862588780171,314.59641429367764,466.05218636835633,151.4557720746787,0.0287201814819308,35.226823098833584,27.329430553842638,76.8966632248621,-30.765843500746026,15.480356560850902,7.953311696380134,03-01-06-02-02-02-02.wav,fearful,2
3.6703333333333332,0.30494505494505497,194.26591373492647,49.44775910876852,84.83495790684367,280.7724664120675,195.93750850522383,0.005508876580270625,-45.38787053193534,140.85993458253049,59.34298998463014,-300.0,7.806648229946805,7.566619926584076,03-01-07-01-01-01-02.wav,disgust,2
3.636979166666667,0.2388888888888889,229.51565124130434,98.9099663841076,78.96764270806541,554.4631090245585,475.49546631649315,0.005256129347150999,-32.845134097770796,128.70272067664382,59.49596581719747,-300.0,8.027467406136024,7.47585617196199,03-01-07-01-01-02-02.wav,disgust,2
3.8705416666666665,0.3307291666666667,203.69004694263626,29.747920747468545,77.81463953596933,251.41108649614878,173.59644696017943,0.008056907245797737,-34.37316808016768,134.95102141158702,61.742943635988595,-300.0,9.07412279972144,8.701142726823672,03-01-07-01-02-01-02.wav,disgust,2
3.8371666666666666,0.3736842105263158,197.2628974431987,39.92209606856948,75.57949354538727,259.4851645162438,183.90567097085653,0.0074522024290650446,-18.009844205459135,115.54162952947529,62.503951954280375,-300.0,9.767553511055208,7.277266537744631,03-01-07-01-02-02-02.wav,disgust,2
4.137458333333333,0.3170731707317073,218.91210088762423,43.655633681248034,102.76170404116522,316.9272290181137,214.16552497694846,0.009367759888957721,-34.52116312820748,137.03668569967078,65.28212290679205,-300.0,8.578147760628951,7.333642685592066,03-01-07-02-01-01-02.wav,disgust,2
4.137458333333333,0.2780487804878049,228.26683305452752,55.334663257183735,77.60589499029767,345.0134389074689,267.40754391717127,0.010914890574270508,10.229324781041631,74.43392111157905,68.5122675927576,-300.0,9.298164018240088,7.778844455789707,03-01-07-02-01-02-02.wav,disgust,2
4.004,0.3778337531486146,232.50114767227245,40.25958541040975,105.79520174289317,356.3094593061505,250.5142575632573,0.012595582614667832,-6.250848795488787,108.64021936364374,67.69984062886766,-300.0,9.05230892496942,7.326169108834014,03-01-07-02-02-01-02.wav,disgust,2
4.037375,0.325,218.01119736477304,60.01756340122541,79.05525282892485,502.1075013122302,423.0522484833054,0.012997627469511159,12.025827256858173,81.11100302942884,69.32431234299347,-300.0,8.731895229033707,8.612323463973466,03-01-07-02-02-02-02.wav,disgust,2
3.5368541666666666,0.2857142857142857,295.27336674176127,94.57019653640083,173.60219808963745,489.29169647511674,315.6894983854793,0.012050181291967653,-18.030359071804224,121.46378695439154,68.1138968723339,-300.0,7.911012112518037,7.390234414567644,03-01-08-01-01-01-02.wav,surprised,2
3.5368541666666666,0.32,306.8489680693513,114.31584698580059,159.15094610786434,519.3434495141992,360.1925034063348,0.00921731929969478,-14.571215015360513,111.7254327975246,65.91940265978405,-300.0,7.506966032391367,6.780134247111605,03-01-08-01-01-02-02.wav,surprised,2
3.6036041666666665,0.31092436974789917,280.7424500073275,86.09001982819032,118.02257496937413,492.52350801552825,374.5009330461541,0.011485803423649254,-16.10108707358231,116.3682042023537,68.32108442755666,-300.0,7.2329303308098805,6.830163795003147,03-01-08-01-02-01-02.wav,surprised,2
3.536875,0.3457142857142857,292.4443499652699,109.55413758186508,78.32583414077168,545.1600702906501,466.8342361498784,0.011724098903002725,3.9225856387788314,88.96821759686081,67.21189520165413,-300.0,6.736968903185163,6.223355764917864,03-01-08-01-02-02-02.wav,surprised,2
3.7370625,0.3054054054054054,322.3329298946751,129.98892631028153,79.1315942525188,582.7933431639882,503.66174891146943,0.014839439668297585,-3.302398346992089,107.63771864658335,68.57115147130078,-300.0,7.475008649283347,7.779683403071058,03-01-08-02-01-01-02.wav,surprised,2
3.7704375,0.3048128342245989,339.0096636635412,139.80743458909632,80.38753347497459,595.7331021970483,515.3455687220737,0.014619616879746632,25.87159071013668,39.723670955619546,68.97213647613489,-300.0,7.831432267448567,7.269030873672436,03-01-08-02-01-02-02.wav,surprised,2
3.7370833333333335,0.32432432432432434,319.7148497731801,107.99808724980625,171.37921931578896,568.1697400204372,396.7905207046482,0.01928893132102927,15.620266398331607,70.48651651950073,69.67744493669377,-300.0,6.844498404005092,7.754604388790863,03-01-08-02-02-01-02.wav,surprised,2
3.8038125,0.33156498673740054,298.94096062136924,87.58088716592515,169.9317310864066,505.898616703919,335.9668856175124,0.021772951807839953,-1.8394442594739513,107.8248357088736,73.42437441992244,-300.0,6.880646749779794,6.947268531536404,03-01-08-02-02-02-02.wav,surprised,2
3.4367708333333336,0.3029411764705882,162.01537817445123,29.577438464130175,93.01190167096436,212.97458278381922,119.96268111285485,0.007147504052511874,-7.205874748988247,99.66400215740364,63.341409648430364,-300.0,8.182298256786712,6.012453718498601,03-01-01-01-01-01-03.wav,neutral,3
3.5035,0.3170028818443804,158.7815602753027,68.40432892047015,75.66024318559303,482.17346871270337,406.5132255271103,0.006393494611896274,28.770534108307388,19.56567324279594,62.65124862516284,-7.072064234527383,7.208093771226458,6.01657576524171,03-01-01-01-01-02-03.wav,neutral,3
3.5035,0.3256484149855908,179.6172595080974,115.22225252014307,83.51732210544952,596.7521827241441,513.2348606186945,0.007109337194701365,12.091138991154045,67.1946432957057,60.764022586784215,-300.0,6.696079847805912,6.680256456442844,03-01-01-01-02-01-03.wav,neutral,3
3.4701458333333335,0.311046511627907,176.61115257634873,83.56323053961442,86.43757896257716,473.27080110805014,386.833222145473,0.008228546635321833,24.95802831381493,25.347433299678094,63.20398082531046,-37.82109748172398,7.505848099149001,6.521963073964284,03-01-01-01-02-02-03.wav,neutral,3
3.7704166666666667,0.3716577540106952,172.13172421074435,36.69587327385309,100.959119547182,284.7414768245216,183.7823572773396,0.012918399823011927,32.74130294243254,23.45764171330469,66.33719356609602,-5.397026648157226,8.187729319348843,6.564938097314674,03-01-03-01-01-01-03.wav,happy,3
3.6035833333333334,0.38935574229691877,226.41949223283135,41.034572472343655,79.64145940698937,313.19719261016115,233.55573320317177,0.017260552709807447,35.55712622085907,23.80585287805416,69.56180786739415,-0.8395619674432787,9.4932861880492,5.933654706214985,03-01-03-01-01-02-03.wav,happy,3
3.5035,0.35446685878962536,183.64626679713203,44.63530148298871,105.41376861070711,314.19944849669224,208.78567988598513,0.016329426867402436,-1.7453357430765992,105.73567226294807,70.28640388342944,-300.0,9.699910225793644,5.7071514750375965,03-01-03-01-02-01-03.wav,happy,3
3.5035,0.34293948126801155,183.7803819083698,75.35693913122519,77.64125573128729,551.978772037121,474.3375163058337,0.011297909532194029,-34.6478695522139,139.2271800727866,67.80050736791786,-300.0,8.046144830726842,5.637191848791474,03-01-03-01-02-02-03.wav,happy,3
4.3043125,0.4309133489461358,252.59460900661725,46.1745063095096,77.11934975860598,335.4183472722514,258.2989975136454,0.03745902777832051,42.514571821300564,24.781343047768555,77.71943162760375,-4.522140311955742,13.319517479162926,6.411888540923519,03-01-03-02-01-01-03.wav,happy,3
4.404395833333333,0.47368421052631576,244.66139644159853,39.854528692608085,123.1345318953281,297.880863355949,174.74633146062087,0.056810808717393434,47.909869142910175,23.329191458043244,79.50651590008584,1.599467948427947,13.542225727293948,7.4481843344364,03-01-03-02-01-02-03.wav,happy,3
4.137458333333333,0.4268292682926829,288.87980580868,73.13599905044286,159.05003761628015,503.10313829753966,344.0531006812595,0.0680007575598938,50.83685003137474,22.349959522728813,82.7309668046448,3.20762725579099,6.966752992111083,6.675456429546804,03-01-03-02-02-01-03.wav,happy,3
3.8371666666666666,0.3973684210526316,263.8455046182177,63.47694373459294,78.08110298228787,425.5469572668015,347.4658542845136,0.03815682855639289,46.399813530178115,21.960215175580043,80.26570794246825,-3.1110657613542436,9.375179625799445,7.089545268720022,03-01-03-02-02-02-03.wav,happy,3
3.6036041666666665,0.3277310924369748,135.37955997904479,17.553023413942128,95.61394309770756,206.02640821093917,110.4124651132316,0.003990136809405224,12.94958100179816,61.73364247408907,58.562758219524525,-300.0,9.132486978338884,5.534136733046465,03-01-04-01-01-01-03.wav,sad,3
3.5702291666666666,0.3333333333333333,148.2318821056027,20.439516920900104,81.98281408344972,213.0154342590447,131.03262017559496,0.003641616829554257,17.20080726607611,50.976287934011225,57.29582948687365,-300.0,8.843721981075314,6.235220759419043,03-01-04-01-01-02-03.wav,sad,3
3.5702291666666666,0.3700564971751412,148.2355820436132,12.131522684590088,130.5910203959945,174.4419405688452,43.85092017285072,0.006416588704075393,30.790411033777783,22.623730197810538,62.599686130714474,-24.657574517051927,9.952249080228038,7.812017422297171,03-01-04-01-02-01-03.wav,sad,3
3.536875,0.36857142857142855,159.53942739997137,64.39561375490896,120.28615765476832,572.090567924708,451.8044102699397,0.006007783097172782,31.245922803585568,20.344139679713532,61.68837877870839,-14.548598318766466,9.474489641065091,7.542076227188979,03-01-04-01-02-02-03.wav,sad,3
3.7704375,0.39572192513368987,254.6960526860978,73.5172884299733,128.97306188230488,473.66823055680993,344.69516867450506,0.019147514742663466,33.649972700290796,26.189494253257884,70.46856105099643,-7.204944954564249,8.557000183222947,5.751848151227003,03-01-04-02-01-01-03.wav,sad,3
3.8371666666666666,0.4631578947368421,254.63844383657653,76.14150190411034,112.8520372767324,410.3516044774321,297.4995672006997,0.027377115748703055,38.4197949297856,25.708448539162696,73.33787199052806,1.8258193494491417,10.703505246281035,6.188905929257954,03-01-04-02-01-02-03.wav,sad,3
3.470125,0.3488372093023256,207.435440721883,62.22412101629413,124.5361360418996,459.0940681874723,334.55793214557275,0.03261859241125031,44.38758006304052,20.160848864499627,78.45436275841595,6.304724191144445,8.132277469005906,5.626735452203973,03-01-04-02-02-01-03.wav,sad,3
3.7036875,0.39509536784741145,237.67355508017297,107.32769006495406,79.23576278449376,544.3893370385781,465.15357425408433,0.026705634119798233,-1.038309363452924,117.14890673611379,73.82394805284156,-300.0,6.962026139473695,5.456899527879419,03-01-04-02-02-02-03.wav,sad,3
4.004,0.29219143576826195,114.55078814117114,69.09816881552644,82.1678798088957,550.9075700138787,468.73969020498305,0.004043660477548565,27.19691314421507,18.596651996029887,59.27919473733118,-12.554898471388396,5.2225532188255634,5.290330383233098,03-01-05-01-01-01-03.wav,angry,3
4.070729166666666,0.32425742574257427,146.2722818781416,26.438242435485847,75.06723811391169,199.62210224679885,124.55486413288716,0.015638538707318243,35.815227042642775,20.388054555261096,71.84478478639545,0.4636145019867012,7.7913323378606325,5.60448645256299,03-01-05-01-01-02-03.wav,angry,3
3.8038125,0.3209549071618037,139.25523569235963,47.57768124880008,78.26824863350467,485.5371700215012,407.26892138799656,0.011528135728930038,27.993375501004405,50.98833110865911,66.052489656848,-300.0,6.428884326545234,6.965914266374611,03-01-05-01-02-01-03.wav,angry,3
3.8371666666666666,0.36578947368421055,154.5305080350364,22.022577316776395,95.86554203543575,208.89436428874143,113.02882225330568,0.01793416468742401,38.46786025584484,21.30927293625826,69.73100831934359,1.8396839142210033,7.111602843078823,6.798560711481267,03-01-05-01-02-02-03.wav,angry,3
4.404395833333333,0.37528604118993136,270.3540005713277,31.672804650778755,197.0669995697925,339.0556961692119,141.9886965994194,0.08931674885361368,51.736421948299466,21.821221805670472,85.28431545533616,1.5002852190726985,8.26920744410586,6.052998587648537,03-01-05-02-01-01-03.wav,angry,3
4.404416666666667,0.3112128146453089,253.23547537847128,49.746648532061656,93.18888095863012,330.5876097098169,237.39872875118675,0.08760396886809778,51.9922210487796,20.437447307633295,85.29985133358132,6.151372710630372,7.934289407188337,6.470424150681662,03-01-05-02-01-02-03.wav,angry,3
4.2375625,0.2523809523809524,235.27712890240534,72.2192260211815,87.99460512708275,382.75536100579137,294.7607558787086,0.07933138351536366,49.352011988276985,22.800167433284464,82.44385268527218,8.682958101995977,4.7357850532802965,4.524843438681575,03-01-05-02-02-01-03.wav,angry,3
4.5045,0.3422818791946309,265.32189330940787,49.26501982800607,116.59159316150229,380.0863993961407,263.4948062346384,0.10457229638411071,51.87696254641187,24.505725028557695,83.80564918076567,-11.514629487934013,7.040917058776436,4.955026903833255,03-01-05-02-02-02-03.wav,angry,3
3.7370833333333335,0.28378378378378377,145.27605340371736,25.04421968322441,92.1829735438556,202.85660456693427,110.67363102307867,0.006659793795927026,27.85738389514844,23.98845629239446,62.32009255971011,-25.643740742159096,6.2000559681457235,5.654081693758198,03-01-06-01-01-01-03.wav,fearful,3
3.8371666666666666,0.3763157894736842,155.5095830372687,14.727166705882404,120.88530253027666,196.70452245871292,75.81921992843625,0.011569085305157148,35.851514538862645,20.66788430082126,68.43486388826405,-10.143076199367751,9.124933538739334,5.665228424499088,03-01-06-01-01-02-03.wav,fearful,3
3.5035,0.37752161383285304,154.55388756959812,15.989876752154991,118.56857423512058,188.35809401624553,69.78951978112495,0.013780082567111244,32.27782818568232,26.02547512350975,67.4390134452552,-21.4600726565181,8.570593280958605,6.249219791871699,03-01-06-01-02-01-03.wav,fearful,3
3.2032083333333334,0.305993690851735,149.8542106259861,11.482061371550506,112.08148066288796,167.08502506904668,55.003544406158724,0.01230242163011015,31.944933585914388,23.947307357161716,68.04015174742145,-13.74226712011858,7.633041338124282,5.835739990747736,03-01-06-01-02-02-03.wav,fearful,3
3.3033125,0.27522935779816515,212.10261574372393,53.43596902064016,77.59162779600638,382.84254387548873,305.25091607948235,0.03963496543686063,50.71480915128054,16.924632517855958,77.41606236332943,6.47867368289126,5.152333361374354,4.925817688426339,03-01-06-02-01-01-03.wav,fearful,3
3.9038958333333333,0.42377260981912146,293.3734801901279,61.93411288948938,221.97107567266593,482.6957407219957,260.7246650493298,0.07310668777799906,53.01251423258362,19.468956951949583,83.48726950943782,10.628432520786802,9.399333523782584,5.6741348535764145,03-01-06-02-01-02-03.wav,fearful,3
3.3033125,0.36085626911314983,270.16670248457984,46.9608946422576,138.46136063771849,459.05177353855305,320.59041290083456,0.04573505351494402,47.77603412448011,19.611327993582996,77.6205716976558,8.678280708453247,6.146832317496833,5.344200993827324,03-01-06-02-02-01-03.wav,fearful,3
3.4367708333333336,0.3558823529411765,275.02925035703385,72.61665129620827,128.0381574130783,481.319810112199,353.2816526991207,0.0596329218478207,52.62507931256855,16.50609022478015,79.73680756011045,23.238033475764084,6.042393483243719,5.6097039477916315,03-01-06-02-02-02-03.wav,fearful,3
4.037375,0.275,151.5329325942269,24.24144654289957,110.8636434692905,197.0041980464636,86.14055457717312,0.009292363966673683,32.99348038933959,19.555172765254042,67.08581106581936,-4.169556673437256,8.266053916717864,6.370378776039983,03-01-07-01-01-01-03.wav,disgust,3
3.970645833333333,0.2715736040609137,161.9549491615273,114.96962109410532,76.70506089370896,572.6090445234596,495.90398362975066,0.00611009317344261,28.609159767960957,22.128524288005874,61.63524737022331,-13.885270020438023,5.274008320554459,6.439862698814014,03-01-07-01-01-02-03.wav,disgust,3
3.6036041666666665,0.2549019607843137,142.16700301872538,54.33773080895015,107.01602169436151,492.5719766532986,385.55595495893704,0.0061203867053872445,28.46413184152361,21.904112815593038,61.04276056304769,-11.219630478058143,4.304936917918547,5.128037119711655,03-01-07-01-02-01-03.wav,disgust,3
3.7704375,0.28609625668449196,137.69202861882462,17.278818782141673,88.23012391531351,160.05162194293678,71.82149802762326,0.011017211994297043,35.510284842883614,20.92808050805755,68.30431023846674,-7.101763445597507,6.974637259613411,6.037854122820527,03-01-07-01-02-02-03.wav,disgust,3
4.104104166666667,0.2457002457002457,139.51255995621443,32.096869480169325,75.3764809576533,234.27984629270787,158.90336533505456,0.007772153135163089,32.28524939720692,19.749031204795685,64.90860944961594,-5.904565627547223,4.622449545296648,5.516316113179114,03-01-07-02-01-01-03.wav,disgust,3
4.104104166666667,0.3046683046683047,138.12175212866453,21.601094725368494,95.78677933729452,177.42879172973647,81.64201239244196,0.007139367224947164,36.659198360496745,16.17343161691066,61.54282765809604,4.416518095874913,4.951917790044156,6.112774507194889,03-01-07-02-01-02-03.wav,disgust,3
3.8371666666666666,0.3026315789473684,168.6238609648375,84.06207078797405,111.30011773859994,588.5129511725605,477.21283343396055,0.014539211190698398,37.30414908300352,21.51708318321193,68.88244779830994,-7.118892293689376,5.50354714305818,6.475776435415742,03-01-07-02-02-01-03.wav,disgust,3
3.9372708333333333,0.37435897435897436,188.74815025140265,53.300405519897886,78.54732755593066,281.6759706759728,203.1286431200421,0.022060722414218577,41.389135412927,22.037851155902466,71.30913571359487,0.8628641275502731,7.675458370991459,6.7828410813573425,03-01-07-02-02-02-03.wav,disgust,3
3.2365625,0.325,248.6802712171111,93.76191261981133,130.01223895549464,597.8071197613168,467.7948808058222,0.011003731098073248,-6.323971306226546,106.21818003852503,64.92429116087854,-300.0,8.227484160679483,5.6777519532002785,03-01-08-01-01-01-03.wav,surprised,3
3.370041666666667,0.30538922155688625,217.1963523882774,66.19431089145895,153.61152831757283,440.2414955967763,286.62996727920347,0.0125665093169145,22.343708532987687,48.56886597708396,66.19785783860871,-300.0,6.234082066801496,5.83818065199043,03-01-08-01-01-02-03.wav,surprised,3
3.2032083333333334,0.29337539432176657,203.29024953301516,100.10351314579614,119.41489718959888,588.8576999440021,469.4428027544032,0.01026478254135977,13.349807931750343,63.435244520049686,65.72580952893978,-300.0,6.264948402261917,5.668532360208371,03-01-08-01-02-01-03.wav,surprised,3
3.5702291666666666,0.3220338983050847,195.85765018733417,47.49532284399587,96.70818060001037,317.9505011621651,221.24232056215473,0.015578669226055226,-9.028157505352123,113.89738179419612,69.6950674520367,-300.0,5.5219266402128016,4.813844002719059,03-01-08-01-02-02-03.wav,surprised,3
3.2699375,0.2848297213622291,221.87928436780345,57.37510732131683,154.59794305858287,418.9444405565078,264.34649749792493,0.023443255984831445,29.031918964689012,37.95449450076967,71.60293090095011,-300.0,5.612909559269487,4.415186105783171,03-01-08-02-01-01-03.wav,surprised,3
3.6036041666666665,0.3081232492997199,233.26747699317315,78.136086947617,75.41026662183793,597.919717639189,522.509451017351,0.029579596815970634,6.08149780189351,96.87936673808497,75.81782341145319,-300.0,9.016830166539838,4.896560313662896,03-01-08-02-01-02-03.wav,surprised,3
3.5035,0.29394812680115273,253.18158118809973,82.29973562370832,134.38000437750244,569.5938613672179,435.2138569897154,0.02983004296268351,14.880491490432144,83.2623805289229,76.6097372646112,-300.0,6.864152232038658,5.3844288574995565,03-01-08-02-02-01-03.wav,surprised,3
3.2365625,0.309375,207.4799090947413,68.2314845408477,131.34027449614905,392.2131264426765,260.8728519465275,0.017968997409672068,5.829465598945234,88.32054035556331,69.59766741027215,-300.0,6.299162410935741,5.654076923332154,03-01-08-02-02-02-03.wav,surprised,3
3.3032916666666665,0.3241590214067278,246.25828671539605,70.1996405350461,166.30649348871378,385.6289460276821,219.32245253896832,0.00429679685700271,-28.779875967062495,118.41617296433061,57.843009745789175,-300.0,10.793713825991144,7.6599101436902455,03-01-01-01-01-01-04.wav,neutral,4
3.370041666666667,0.3532934131736527,240.56274424223864,56.15874250264499,168.42990882719099,339.76313278958395,171.33322396239296,0.0046966971504954005,-34.06262314266628,126.20688594002762,58.97036779046435,-300.0,11.723206398320533,7.082991791654561,03-01-01-01-01-02-04.wav,neutral,4
3.2699375,0.33436532507739936,228.12768684651863,49.6432454296127,170.35066469358074,359.1748753175969,188.82421062401616,0.004518674933698605,-62.72849050154784,146.62289421639886,59.13586314856975,-300.0,11.887954407616196,7.467925038970845,03-01-01-01-02-01-04.wav,neutral,4
3.2365625,0.309375,215.08561905406384,45.723941169896186,169.8963111677906,342.5054574319481,172.60914626415752,0.003778604970214034,-61.241065086563104,144.80576719371538,56.16501290661312,-300.0,10.975091541692986,7.470050672984449,03-01-01-01-02-02-04.wav,neutral,4
3.5035,0.3285302593659942,247.51760605067213,85.34182572378609,120.46929121701616,480.79287736046155,360.32358614344537,0.007573345928616129,-50.66643598613971,143.58532846889082,62.70020885127596,-300.0,10.967308551230126,7.0735538463939465,03-01-03-01-01-01-04.wav,happy,4
3.5368541666666666,0.32,304.4742088945973,72.50875328430209,167.75739978568632,463.20001276794125,295.4426129822549,0.011459660174103844,1.546852517910982,85.17175857372492,66.25054397177284,-300.0,8.956885104655482,5.643004235254659,03-01-03-01-01-02-04.wav,happy,4
3.5035,0.3400576368876081,235.9607582803295,41.73580869783859,77.80542966141792,319.2343882428854,241.4289585814675,0.00867183283714508,-8.322533667755215,102.06907169943577,63.17954243291182,-300.0,9.212937624424047,7.425575022803897,03-01-03-01-02-01-04.wav,happy,4
3.4367708333333336,0.34411764705882353,266.42888412644265,59.491925003227976,175.99963096934422,461.2235020317622,285.22387106241797,0.01158257831136182,-0.539423588486292,90.14752494118821,64.95980743915256,-300.0,10.261026758876532,7.2055285632103745,03-01-03-01-02-02-04.wav,happy,4
3.8705416666666665,0.34375,377.1160381067464,106.14933531962032,222.96551453061298,547.850784865977,324.885270335364,0.023750230033518924,-0.8100271940319193,108.51524889472763,74.81056134974942,-300.0,11.259365581386923,6.9228890540727575,03-01-03-02-01-01-04.wav,happy,4
3.5702291666666666,0.3389830508474576,383.6577953877937,95.33861000234839,85.75629549248156,530.7257722783659,444.9694767858843,0.031497941081922366,-37.32229012930828,143.20625516017844,76.19617438592384,-300.0,12.149511657187961,6.654666115170874,03-01-03-02-01-02-04.wav,happy,4
3.6036041666666665,0.35294117647058826,293.4709130932774,53.96269276035748,187.2475740430534,375.55940532387376,188.31183128082037,0.027312033407067355,-18.59683956985524,123.78877032029006,74.55931015207247,-300.0,11.15713450698966,7.7612274931785254,03-01-03-02-02-01-04.wav,happy,4
3.7704166666666667,0.3422459893048128,382.02039592740294,65.09612741760688,255.69268874303103,540.3797317966541,284.68704305362314,0.041372482188592866,35.426677692441615,30.50877796525834,78.68806982809122,-22.082760965822192,9.527258046931737,6.70214553111193,03-01-03-02-02-02-04.wav,happy,4
3.370041666666667,0.2844311377245509,225.50582816691616,40.49578653514834,85.72992787954506,290.4880364068336,204.75810852728853,0.00447378277938951,16.33276489948928,27.208102587535112,59.650738712526675,-65.93928408584074,10.350311920690615,8.471011754410497,03-01-04-01-01-01-04.wav,sad,4
3.403395833333333,0.31750741839762614,302.4677683356427,57.871219587116535,208.1522263638652,412.9314897046379,204.7792633407727,0.012621478126534988,-19.796597769007498,120.62942549013466,67.00250247060835,-300.0,13.85627290918934,7.600422177702116,03-01-04-01-01-02-04.wav,sad,4
3.4367708333333336,0.3411764705882353,298.81707226385714,60.66537876527434,75.24289256193575,393.20183895389863,317.95894639196285,0.012872546952232498,-19.759326398653982,124.1419211900235,66.6368509391263,-300.0,11.023234331184948,7.9476333796281065,03-01-04-01-02-01-04.wav,sad,4
3.470125,0.3226744186046512,332.40941510570025,80.75283886275187,76.5740855717321,584.4384276034189,507.86434203168676,0.012166357110136802,-7.1698180492569,104.42332880886607,66.08000812083903,-300.0,12.404686100196413,8.232454002237917,03-01-04-01-02-02-04.wav,sad,4
3.6703333333333332,0.33516483516483514,444.2407321671347,67.86749342731329,279.1802731526704,567.5768710559871,288.3965979033167,0.02126483779476738,-13.499912915897891,120.56543736048125,71.45257968353464,-300.0,12.777972881835165,9.723056558162366,03-01-04-02-01-01-04.wav,sad,4
3.7704375,0.3315508021390374,456.0471135973826,74.60176885363167,268.87747689304865,588.6361809695157,319.7587040764671,0.02740793461038928,29.798947564518492,29.75221249754783,75.94714845872285,-15.72987989363895,12.050545103988137,7.786853408585444,03-01-04-02-01-02-04.wav,sad,4
3.7704375,0.3689839572192513,509.32293749211425,67.16791795650792,301.24936637557414,591.7082427315902,290.45887635601605,0.050442884408942096,10.724761451943015,96.74425192843364,79.94845981388059,-300.0,13.696055338856775,7.71025690180661,03-01-04-02-02-01-04.wav,sad,4
3.7704375,0.37433155080213903,454.0659088175711,67.59444363502502,272.35339213867087,547.775290469896,275.4218983312252,0.032925060740772845,20.52877177064616,75.23130104418867,75.13996160773486,-300.0,11.273498227325677,7.43550520173219,03-01-04-02-02-02-04.wav,sad,4
3.703708333333333,0.3242506811989101,272.32776313451814,59.5884405687801,102.74046251106428,376.3553183193936,273.6148558083293,0.01428390711975591,-20.807760180106946,122.74354298449863,72.29826232507907,-300.0,11.42715781463237,7.281953724915754,03-01-05-01-01-01-04.wav,angry,4
3.6036041666666665,0.2969187675070028,305.4185752774825,96.10407497503252,137.67474917064723,521.4307787279752,383.7560295573279,0.01842945099975414,-30.489315005796694,132.11288743610626,72.86127111855468,-300.0,10.767618218523264,7.268331316432924,03-01-05-01-01-02-04.wav,angry,4
3.470125,0.3023255813953488,314.5772258466044,64.39242230747608,222.15206406704985,436.29715248546563,214.14508841841578,0.01912037706559723,-21.15837645655322,126.3854403277144,69.05004731221604,-300.0,8.221624422714086,5.94187601410452,03-01-05-01-02-01-04.wav,angry,4
3.7370625,0.3108108108108108,268.5167574333689,47.15759217197319,197.45337355070987,383.8089134238267,186.35553987311684,0.01279803527543114,21.151170745910704,42.734104255684045,66.21393249588556,-300.0,9.101604704952528,7.813188165740608,03-01-05-01-02-02-04.wav,angry,4
3.7704375,0.2807486631016043,395.412422325017,87.911351697147,266.1137852194301,598.6372061859598,332.5234209665297,0.06953674423260449,-9.520210692363454,127.93778596684975,84.71863070915178,-300.0,9.341705188996777,6.877944965152928,03-01-05-02-01-01-04.wav,angry,4
3.8705208333333334,0.3333333333333333,322.9283101942766,107.891248179114,174.9010624806684,581.6826608758007,406.7815983951323,0.05031894137154046,-16.053143981724233,129.61216668947094,81.79053367007131,-300.0,10.103866104121156,6.992412168145439,03-01-05-02-01-02-04.wav,angry,4
3.7036875,0.3188010899182561,347.7245646339474,66.93546207823586,257.6129349885181,597.3322101237572,339.7192751352392,0.07224828302000631,39.171605211997594,30.147181037153352,84.4321974801912,-12.06075882674731,9.7235283258368,5.977887636984972,03-01-05-02-02-01-04.wav,angry,4
3.8371666666666666,0.3394736842105263,387.66407333652216,92.74707043152097,263.6823383283141,595.8470774788889,332.1647391505748,0.04504864231493607,16.96551830083053,81.16382109531025,79.85201990382792,-300.0,9.07602748786787,6.14544664777407,03-01-05-02-02-02-04.wav,angry,4
3.3032916666666665,0.30275229357798167,315.1885773285756,42.655170658873516,223.47036715472805,397.6348280150953,174.16446086036726,0.014744109848377826,-21.27296631455327,124.27211080025627,69.55126295442622,-300.0,11.325471999594914,7.696415109015629,03-01-06-01-01-01-04.wav,fearful,4
3.2365833333333334,0.325,334.894679331795,43.60570236816106,226.59007110465674,406.07178701690526,179.48171591224852,0.017420286903159794,-12.264304507333689,115.21081660059332,69.3655010605166,-300.0,11.25196561351242,7.276286354993157,03-01-06-01-01-02-04.wav,fearful,4
3.470125,0.3372093023255814,323.14963921547997,29.578198464335156,236.57361035602375,364.3747992651371,127.80118890911334,0.01760918726205061,-23.505525346646476,129.31938821280252,69.38544436200063,-300.0,10.543900080066386,8.076754412428052,03-01-06-01-02-01-04.wav,fearful,4
3.470125,0.32848837209302323,321.5001945298024,31.49686787635388,252.5445823943935,368.65989246337176,116.11531006897826,0.01711869570224425,-31.030710789476682,135.57650084445712,69.04051739513301,-300.0,11.21991031684185,8.311001817952738,03-01-06-01-02-02-04.wav,fearful,4
3.9372708333333333,0.2846153846153846,483.5915363045177,102.99456415592539,277.17516457721655,597.3253999995095,320.15023542229295,0.041938451552096224,1.7627186522787448,117.64418985600597,79.09918273967014,-300.0,11.544756362905208,8.500621771222008,03-01-06-02-01-01-04.wav,fearful,4
3.403395833333333,0.3086053412462908,479.6993965172821,80.46002390577105,257.92061434935886,596.0264722500123,338.1058579006534,0.04566863988018714,-10.944829289644185,121.14458292186204,80.09363953512971,-300.0,12.595140900349866,7.2654650324059915,03-01-06-02-01-02-04.wav,fearful,4
3.6036041666666665,0.3137254901960784,446.0408381833899,85.19665852262594,276.1425805872434,596.6331898148906,320.49060922764716,0.05814627044243713,-24.877326211444572,138.63879146447377,81.04399089715194,-300.0,9.885269221279012,7.431122164106312,03-01-06-02-02-01-04.wav,fearful,4
3.5702291666666666,0.3192090395480226,436.4462587584011,87.3252906988818,103.44216643130561,587.5022234768379,484.0600570455323,0.056711311846776864,22.45331056372756,69.27019978456634,81.10337246226324,-300.0,9.29280770799884,6.50938137427319,03-01-06-02-02-02-04.wav,fearful,4
3.9039166666666665,0.30749354005167956,236.2262882560071,44.98234844372184,75.04367795768691,323.5219255773989,248.47824761971202,0.008603032073401929,-40.79572309583159,140.41887678147683,64.76027432803315,-300.0,8.870939834001295,8.30297058499124,03-01-07-01-01-01-04.wav,disgust,4
3.9038958333333333,0.3462532299741602,283.0370337338659,76.75751643616951,96.00268454186073,484.67908529438614,388.6764007525254,0.009674681670891236,-2.74946841280079,101.97420955282921,65.03503905005738,-300.0,9.001941772215694,8.67414424596101,03-01-07-01-01-02-04.wav,disgust,4
3.7704375,0.3449197860962567,267.80105534721116,34.81598364247155,189.8404062759882,340.3514554462795,150.5110491702913,0.013670144761189742,3.6296929564128,89.34623114906852,67.86893972066646,-300.0,10.900764284556923,7.5068574718492425,03-01-07-01-02-01-04.wav,disgust,4
3.8038125,0.3209549071618037,307.66571598246725,58.647248453410576,214.61754205678713,442.68011204011594,228.0625699833288,0.016058153687507577,28.21119586538135,28.24015976878696,69.58787728638465,-28.338606158233087,10.30263253621586,7.037408012096253,03-01-07-01-02-02-04.wav,disgust,4
4.004,0.3224181360201511,278.4976199192234,57.191705518193004,87.48104979201119,378.5933226872313,291.11227289522014,0.028182404951307492,-24.02837605205174,131.53321157287186,75.2594046569324,-300.0,14.643118430402598,8.754951443872777,03-01-07-02-01-01-04.wav,disgust,4
4.037375,0.3425,252.514299225077,31.49001579881122,171.74062524595718,300.09158047764436,128.35095523168718,0.023362977112170988,5.569643369683665,94.3129164793526,72.83120651350433,-300.0,15.544370053578179,8.080796337518525,03-01-07-02-01-02-04.wav,disgust,4
3.8705416666666665,0.3489583333333333,263.1197813669688,24.544684139933576,185.53029338094288,309.3974415885777,123.86714820763481,0.01649638746334772,3.1992263714999414,99.04385257407593,70.69578485479228,-300.0,10.889716684075738,8.932494273851534,03-01-07-02-02-01-04.wav,disgust,4
3.9372708333333333,0.3564102564102564,306.4492784293585,56.39455314411641,192.571109626862,487.098444251436,294.527334624574,0.02174138372155121,-17.23400604371718,127.34468128795618,72.00203983942679,-300.0,8.488209075093256,6.998532029419136,03-01-07-02-02-02-04.wav,disgust,4
3.2365833333333334,0.303125,304.7684985481102,93.93034409493247,87.13134278539918,508.01438758293915,420.88304479754,0.011141262074717101,9.763099312188299,67.74264069254943,65.45631960753086,-300.0,8.750597224987146,6.449967610278599,03-01-08-01-01-01-04.wav,surprised,4
3.3366666666666664,0.3303030303030303,351.51335481196566,95.0695206914102,208.3630212135964,524.3543561468845,315.99133493328804,0.014927583475693777,-27.761300307628584,126.85228550749433,68.83384171665833,-300.0,8.977019753968746,5.689628595646956,03-01-08-01-01-02-04.wav,surprised,4
3.6369583333333333,0.35,300.925550502818,113.25521921025468,89.9295210399901,550.9552145424154,461.0256935024253,0.016948188570562395,-13.429666673675936,118.18636623181047,68.67384351092478,-300.0,7.928141130706145,5.362889711757046,03-01-08-01-02-01-04.wav,surprised,4
3.43675,0.31470588235294117,343.0990416225829,108.76058774869274,87.07671012601952,549.2361337313406,462.1594236053211,0.017676516001608345,-18.92742105322574,122.87126869197063,68.03282616468572,-300.0,8.362701753003568,6.266375184756149,03-01-08-01-02-02-04.wav,surprised,4
3.6703333333333332,0.32967032967032966,370.6164513217835,101.18649005258264,219.8308818545391,595.8846227717479,376.0537409172088,0.03457579752797131,-25.579274203803756,135.72442536241243,76.37937307861078,-300.0,9.747796807060691,6.498161828406944,03-01-08-02-01-01-04.wav,surprised,4
3.5702291666666666,0.3107344632768362,370.2266337052856,116.22505665495633,98.91749821366327,599.0465346820706,500.1290364684073,0.02973735863245343,-6.364092786086368,110.53591029495267,75.13393524804886,-300.0,11.114367617895715,8.401772479055458,03-01-08-02-01-02-04.wav,surprised,4
3.470125,0.32558139534883723,381.13794581763614,135.20195047309826,75.26805425027806,595.9969748423737,520.7289205920956,0.03202460081753507,-17.48790735168504,125.45009492743729,73.64309877942378,-300.0,8.135234299209104,7.659610952787383,03-01-08-02-02-01-04.wav,surprised,4
3.5368541666666666,0.3514285714285714,358.8890739663289,99.17905484135291,209.6952334902737,566.3436682447306,356.64843475445684,0.03805682298731366,-23.32785128703958,135.13241515987627,76.63189220340172,-300.0,8.503219478097876,4.95873528877201,03-01-08-02-02-02-04.wav,surprised,4
3.6036041666666665,0.27170868347338933,140.64169209653676,75.12942625054139,80.49566060332386,503.4238624521092,422.9282018487853,0.002718339523971355,20.16106710482377,19.47513720669957,56.06037201345325,-15.715288530927356,10.978643298970622,7.063071744602264,03-01-01-01-01-01-05.wav,neutral,5
3.636979166666667,0.275,108.14507861370639,34.57949325234629,75.57318703121766,306.44693021955123,230.87374318833358,0.002220222042063927,18.89117944628332,19.590422094874658,54.74604176810054,-12.459145206870296,8.463551104144639,5.050555387964869,03-01-01-01-01-02-05.wav,neutral,5
3.103083333333333,0.30293159609120524,114.98882086389246,16.929917372445388,74.98562002742621,145.71268484168527,70.72706481425907,0.003698330233479265,21.82008332131267,21.50919376334157,58.32799056448222,-11.977035391181374,7.57388768703307,5.7533142498449905,03-01-01-01-02-01-05.wav,neutral,5
3.6036041666666665,0.3025210084033613,107.46194549757412,16.216896403341924,82.4005986419617,135.46530920984063,53.06471056787893,0.0029356038207307387,20.654251081666413,21.026660961170897,55.53391728971188,-14.728051075698547,8.48294885466916,5.5187902113244265,03-01-01-01-02-02-05.wav,neutral,5
4.004,0.32997481108312343,147.6621878885196,55.7280973240649,79.64211730904447,485.74172256368786,406.0996052546434,0.0039324018063164965,23.82012992800535,21.54936982279574,59.29323804435661,-14.64637250839109,10.84852442536607,6.063854281622843,03-01-03-01-01-01-05.wav,happy,5
3.2365625,0.35625,122.95223525437156,29.755711853522623,77.38163930286252,182.51136820495694,105.12972890209441,0.005344052194959726,23.314295385948093,23.135723714548707,60.73279928200685,-17.376911878971633,8.302504761482403,4.525644208510971,03-01-03-01-01-02-05.wav,happy,5
3.3700208333333332,0.2754491017964072,121.8636229303288,11.373862790187125,82.84238942162311,143.6231151349266,60.78072571330348,0.004029877199132293,20.976417992719746,22.782702606889785,59.74267714562541,-14.21864255863162,7.532531253507382,5.621156373790575,03-01-03-01-02-01-05.wav,happy,5
3.7704375,0.3663101604278075,165.15809095729674,82.13863889379829,81.09953275899338,597.5950739123755,516.4955411533821,0.0075426242087276415,29.112201850626835,23.489697074700533,65.36114731609987,-12.80474591172455,8.32107020745226,3.97643947582582,03-01-03-01-02-02-05.wav,happy,5
4.137479166666667,0.36341463414634145,225.88188865148857,40.48238083266962,130.79191076741338,297.808946565,167.0170357975866,0.005827548133355205,27.439836966036825,22.905205152990842,61.733072711321185,-25.60266311544638,11.141867509948694,7.429162486053214,03-01-03-02-01-01-05.wav,happy,5
3.8705416666666665,0.4010416666666667,244.71318027325825,56.23914717302858,78.95692657049462,510.48165045674114,431.52472388624653,0.014413961328321916,32.74278637636208,25.299705687492953,68.15552068477417,-9.63499192063918,8.917183735366253,5.769732284562535,03-01-03-02-01-02-05.wav,happy,5
3.6035833333333334,0.3697478991596639,204.74343786093127,38.0023225266993,79.4756246986928,266.8020738815989,187.32644918290612,0.013363335675792655,32.85439798712627,25.16683723933386,69.61818039567368,-9.793399873026372,10.56287262612027,6.365348485180328,03-01-03-02-02-01-05.wav,happy,5
3.403395833333333,0.34421364985163205,235.0094624792418,58.61339496231012,93.47543432394359,497.3627262305053,403.8872919065617,0.013278370120110065,29.57798845822663,26.32005999756625,70.91190234092434,-17.049813014021282,10.678140081589357,7.2457092618635786,03-01-03-02-02-02-05.wav,happy,5
3.2699375,0.26006191950464397,95.64471944358978,28.04948827793869,77.25939476610716,245.3706375411794,168.11124277507224,0.0011932894170659594,16.801486761715363,17.751855615612,46.57296260621078,-23.72426168760001,4.67211398128323,4.347829896766025,03-01-04-01-01-01-05.wav,sad,5
3.6369583333333333,0.2388888888888889,104.48733282380003,11.001820205956816,75.75591770134622,119.58169562924448,43.82577792789826,0.001251378275293507,17.218430846123674,17.684419381173175,47.662974013412935,-16.02173538530836,5.248075954363881,5.2461143947986155,03-01-04-01-01-02-05.wav,sad,5
3.1031041666666668,0.2182410423452769,115.62501629779464,25.77331578636447,76.6717483444665,179.88058418303038,103.20883583856389,0.0013020656676574211,15.99941769606961,18.874946985281323,46.175965880247,-24.421181541726828,5.048799947167212,5.202598606203101,03-01-04-01-02-01-05.wav,sad,5
3.7036875,0.19346049046321526,124.1564774643266,31.75203724212293,75.04374951925486,262.24194068205526,187.1981911628004,0.001381016627576235,19.843543172567728,17.647852648153616,48.117642898327375,-19.332634429785912,4.047408123952619,4.305309806090212,03-01-04-01-02-02-05.wav,sad,5
3.5368541666666666,0.28285714285714286,158.43345617923782,71.62096727867507,77.40646778651097,491.8942685815633,414.48780079505235,0.0020108095883984954,19.72867988583918,18.625231899933674,52.376298731543834,-17.338322898203703,6.222781722489292,5.085982794007988,03-01-04-02-01-01-05.wav,sad,5
3.2699375,0.2848297213622291,141.67411232867104,31.483194886347256,77.05425624534085,198.93368593259262,121.87942968725177,0.001640280205019244,17.870116221488967,17.764435961877194,49.574047274117,-9.359816931561916,7.096985345782102,5.213133670111227,03-01-04-02-01-02-05.wav,sad,5
3.2699166666666666,0.21052631578947367,173.08434601271773,78.14825223974549,121.83427786434083,451.2942363338884,329.4599584695476,0.0026417356588736463,18.347384187612594,18.887728870408974,57.93250097903946,-11.843509226266974,7.212735940266642,5.747585919079705,03-01-04-02-02-01-05.wav,sad,5
3.1364791666666667,0.24193548387096775,137.4765155126103,23.13893496849644,94.14952210623896,180.30084162711978,86.15131952088082,0.002329235501970236,17.36777306086856,19.694553907192326,56.541116083207406,-10.848840491768199,7.50065173693456,4.647885258915408,03-01-04-02-02-02-05.wav,sad,5
3.8705416666666665,0.3307291666666667,208.0885510647029,90.01876485074538,114.58054823695966,535.5295655197712,420.9490172828115,0.017921613369138882,31.10632401394188,27.580859528092056,70.87920799671272,-18.98490279085727,7.268252443261653,5.256440075561478,03-01-05-01-01-01-05.wav,angry,5
3.8037916666666667,0.27055702917771884,178.45275904668404,67.77853203594825,79.1028561780042,522.6865760123611,443.5837198343569,0.016245080586957242,31.203485768546532,25.67497599286211,70.44384310514506,-17.86266229939511,6.225466407900254,5.692369693770671,03-01-05-01-01-02-05.wav,angry,5
4.070729166666666,0.38613861386138615,144.60080896910068,133.0331493419444,76.14656001218826,581.6980029499339,505.5514429377456,0.005303302865555636,29.088133052764928,22.111004143817905,59.48431843259159,-18.64176816905873,8.426154752934513,6.7573633837178235,03-01-05-01-02-01-05.wav,angry,5
4.404395833333333,0.3684210526315789,123.90042099564135,24.587294588857606,77.07181992409623,183.6161106477406,106.54429072364438,0.008708416575640664,31.086432335498532,24.0966533419961,62.25642166754437,-17.01696057304057,6.905866089400503,6.233692161524152,03-01-05-01-02-02-05.wav,angry,5
3.403395833333333,0.27299703264094954,278.1598129816994,56.50536121491019,100.42890639121165,360.8203025203516,260.39139612913993,0.06935701952166608,35.945502015770955,32.06123009174027,82.77188389536695,-12.0211700432984,4.915750490171004,6.017008903019709,03-01-05-02-01-01-05.wav,angry,5
3.5702291666666666,0.24293785310734464,263.64530796742804,87.36722499335245,76.70747375467406,355.61328483158843,278.90581107691435,0.061369258540767586,38.24331513673814,29.283573072676557,80.81288208847721,-6.8146808906450795,3.569518077974665,5.327317835464143,03-01-05-02-01-02-05.wav,angry,5
3.6369583333333333,0.3,284.4579255950358,94.57103007863572,90.37498150101644,595.5180606890062,505.14307918798977,0.10890959526379149,38.5417825680235,32.08686267368684,87.5646253091617,-12.280884693532542,7.382609407580323,4.778609931605996,03-01-05-02-02-01-05.wav,angry,5
3.636979166666667,0.33611111111111114,287.7323355598299,76.40230922431809,86.38717738549593,389.2471061955634,302.85992881006746,0.1099577626943079,39.88985172592031,32.727684870650464,87.23656876112122,-9.60135122912806,6.442663371279076,5.3082941238044565,03-01-05-02-02-02-05.wav,angry,5
3.1364791666666667,0.3258064516129032,174.8990547940662,35.96855481559155,123.90078944993853,237.51860001562198,113.61781056568346,0.0056124026211504295,22.99660420975546,22.701519125234984,62.29244635080004,-11.198549425371,8.58010335182079,5.621187632423342,03-01-06-01-01-01-05.wav,fearful,5
3.3700208333333332,0.30538922155688625,157.30352282010523,23.24393659449611,105.5807507389535,198.32732736761196,92.74657662865846,0.005017938375817968,21.329214843223202,23.143849908608384,61.907893598026824,-14.10778761831959,8.895408318419728,5.29287304119118,03-01-06-01-01-02-05.wav,fearful,5
3.136458333333333,0.25483870967741934,123.28909524246947,17.275291388393327,77.94173719737869,153.10471278217406,75.16297558479538,0.0037249292117710205,20.161031072563308,22.213808377241715,57.30984378266311,-17.963556836321995,7.359918457147081,5.519445570479079,03-01-06-01-02-01-05.wav,fearful,5
3.069729166666667,0.24752475247524752,162.21599237624451,16.48306211190071,132.09963611188718,197.64604144557651,65.54640533368934,0.00887138406416423,23.78975646488392,24.40836215578728,66.4950049248817,-10.796881470764497,7.78842058089894,5.168517571318572,03-01-06-01-02-02-05.wav,fearful,5
3.2365625,0.334375,301.23265285594294,70.04429351018517,85.42471981256593,423.12491066759986,337.70019085503395,0.034128982877291617,37.7982473359954,24.798564737345654,74.70554288831141,-4.842183608119036,7.651148439995865,7.031231120741947,03-01-06-02-01-01-05.wav,fearful,5
3.5702291666666666,0.384180790960452,265.04938022336177,34.615021247101836,182.74722997276686,371.9940556563789,189.24682568361206,0.030963343622994348,41.504903517599686,23.21430359642101,73.46189003006583,-0.6146041219358428,8.131802569341817,5.993724477938227,03-01-06-02-01-02-05.wav,fearful,5
3.2365625,0.3,258.77048984375915,33.697793807790376,173.19269297203104,316.4373529669127,143.2446599948817,0.034766734654364605,36.01015903170899,25.718439342206672,78.85935655524376,-7.421502060292246,9.795980522741598,6.311723866558342,03-01-06-02-02-01-05.wav,fearful,5
3.1031041666666668,0.3973941368078176,291.70298989235596,33.9934488550916,211.93969892849336,349.2914138586031,137.35171493010975,0.031586438236141025,38.91103799932215,25.68452926337898,75.21353502588127,-13.883552236529777,9.19267889697179,6.014413313746081,03-01-06-02-02-02-05.wav,fearful,5
4.337666666666666,0.20465116279069767,109.01419704701985,58.33012668724091,74.96364254248341,466.2191245595132,391.2554820170298,0.001865935613575751,18.293302330801183,17.513931277267524,53.94653630943425,-17.09950723799983,5.83393868548446,6.087413336886503,03-01-07-01-01-01-05.wav,disgust,5
4.104104166666667,0.20638820638820637,121.1050599347616,76.8791355510885,78.72377807667645,592.4289755149591,513.7051974382827,0.0033317141339846063,21.02117933755562,19.124992241188654,60.02516628880894,-24.03207489863721,6.53134528406268,6.487211152515161,03-01-07-01-01-02-05.wav,disgust,5
3.9038958333333333,0.2868217054263566,107.18299220913084,29.05420770873343,77.99834887487566,236.9502767626091,158.95192788773343,0.0025037860700430855,21.54726008437952,20.503508900796934,53.2383010686663,-19.04408213850694,6.415353802068893,5.105263055646037,03-01-07-01-02-01-05.wav,disgust,5
3.7370625,0.2864864864864865,109.78067033264954,24.465158803560335,75.31032185345026,165.86886226485584,90.55854041140557,0.005020430929082009,21.04502523342738,23.00679625216396,62.67529597167412,-20.337248164334024,7.155184637365935,5.267197311984195,03-01-07-01-02-02-05.wav,disgust,5
4.337666666666666,0.30465116279069765,140.99787481469252,43.2109749246417,75.05584740379959,211.1120993528236,136.05625194902402,0.003189235451716896,23.257737202511127,20.26549678643697,56.69713220925833,-14.155971359599164,6.983711077432939,5.541567071291783,03-01-07-02-01-01-05.wav,disgust,5
3.9038958333333333,0.3152454780361757,144.7638804649493,33.817030472178274,84.29161275960942,212.02652262905497,127.73490986944554,0.007260115350281469,26.688855058809427,24.578901318896822,63.551744626368475,-15.866384349004292,5.939700905414702,6.486288788476133,03-01-07-02-01-02-05.wav,disgust,5
4.2709375,0.33490566037735847,159.23189905183895,34.624481132761375,92.18511634248546,212.178533867439,119.99341752495354,0.008295077754584244,29.70714268333862,23.809668135760504,64.73041720194023,-16.09417625840204,7.785680271477493,7.0278208624075535,03-01-07-02-02-01-05.wav,disgust,5
4.537875,0.4088888888888889,146.07518747545066,98.54980464329415,78.34835323664753,579.8789666516824,501.53061341503485,0.0042350616699915935,30.17374976728338,19.10560269718375,57.59233584741003,-12.072265955431549,6.907601925960954,4.581875364497404,03-01-07-02-02-02-05.wav,disgust,5
3.7370625,0.2918918918918919,198.91979080489648,51.859704954265496,125.68601741040943,314.6588971565293,188.97287974611987,0.006356853081870413,25.174682214742564,23.429095789722503,64.27689034787366,-13.13085316944768,7.813056748890996,5.474598137429753,03-01-08-01-01-01-05.wav,surprised,5
3.6703333333333332,0.29395604395604397,197.06954930311048,59.96186645879894,76.74818171478492,315.30506491812633,238.5568832033414,0.0079539012272235,26.155280491223152,24.37011743621041,63.010053145881606,-17.188789999289448,6.537270118252691,5.400931809205534,03-01-08-01-01-02-05.wav,surprised,5
3.069729166666667,0.27722772277227725,214.74709521694308,93.98196654841426,105.34752667375815,535.89866716257,430.5511404888118,0.006332537331115338,20.874382449910552,25.271131874100767,61.5277663241228,-13.624740614405376,5.118218501380441,4.261290279762874,03-01-08-01-02-01-05.wav,surprised,5
3.7036875,0.31607629427792916,219.31260051825373,39.3803864604217,144.56004740331244,298.5148607633736,153.95481336006114,0.008925553178072735,28.537239779701306,24.015305221742942,65.43973070628846,-11.542415656036498,8.637957191570932,5.6017896945490255,03-01-08-01-02-02-05.wav,surprised,5
4.137479166666667,0.3804878048780488,231.848320226867,64.82937280757619,88.11412907010913,333.3235050741611,245.209376004052,0.0067175479631583265,27.619542204622505,24.25051042043846,61.115624227862256,-33.79130625760864,6.463996164027046,6.755417934455867,03-01-08-02-01-01-05.wav,surprised,5
4.104104166666667,0.3906633906633907,264.5735182459825,84.70364712572062,82.06647411451416,520.6430459342124,438.57657181969824,0.00992131889223331,30.016448618070438,25.435243899124103,63.48019534023801,-23.60908641464207,7.953632550808995,6.746962882144892,03-01-08-02-01-02-05.wav,surprised,5
3.6703333333333332,0.3241758241758242,230.68033063760038,43.21646158660923,140.9654225673254,336.24113513801177,195.27571257068638,0.012570727031358125,28.108253523528063,26.23930493452231,70.25271951396869,-10.902964107993906,7.505705287650018,5.671590584217387,03-01-08-02-02-01-05.wav,surprised,5
3.536875,0.33714285714285713,230.49470481339065,51.476884721274985,78.32609817098793,326.3176416186296,247.99154344764165,0.01176896911005222,28.923258299435126,26.451125016634474,66.4957564203348,-13.299873076413464,8.518976927950002,5.68861405783355,03-01-08-02-02-02-05.wav,surprised,5
3.3366666666666664,0.3151515151515151,240.28553316272408,36.66586548896799,174.36753709994446,310.4335910843319,136.06605398438745,0.002757701037388346,14.765090646795297,32.93080069331007,53.87674307867793,-300.0,11.129232577060263,7.1169157247623165,03-01-01-01-01-01-06.wav,neutral,6
3.6036041666666665,0.40896358543417366,222.50147824874426,38.918336707945755,95.49871857768932,298.2568184062463,202.75809982855696,0.0032960615100706588,18.88365519399483,40.68683225417428,54.45056196328109,-300.0,11.895429943595289,6.289810541889024,03-01-01-01-01-02-06.wav,neutral,6
3.403395833333333,0.3916913946587537,218.8972743653336,38.67508127620225,81.97363846043616,282.37000618649563,200.39636772605945,0.003774898059204022,12.318710328728459,55.17312704916887,58.04098664223503,-300.0,12.57031807324419,7.362890247161621,03-01-01-01-02-01-06.wav,neutral,6
3.4367708333333336,0.4,218.13246618529706,28.088785225722933,150.1874277143781,271.06449443483143,120.87706672045334,0.0035258725271441077,17.502440121765623,34.344317188926524,56.90250977367758,-300.0,12.568024867930108,7.831803061060066,03-01-01-01-02-02-06.wav,neutral,6
3.5368541666666666,0.43714285714285717,233.93510913866825,48.04973854883122,116.33224203824754,362.4657134490883,246.13347141084074,0.006207878741122266,26.88664925529078,37.53657711631787,59.93141210195698,-300.0,13.370019013170143,5.440265349812324,03-01-03-01-01-01-06.wav,happy,6
3.6036041666666665,0.43137254901960786,263.3682636743629,47.835990631570375,193.72257274740485,400.6150128422458,206.89244009484094,0.008748597504063071,26.0283367329794,50.58018968366842,63.46805309154806,-300.0,13.84685998584199,5.493759761156589,03-01-03-01-01-02-06.wav,happy,6
3.470125,0.4011627906976744,242.70574220887747,39.60661120493308,175.50404797775914,333.6036403108985,158.09959233313938,0.006139961528555615,25.382715803403084,24.4483760255843,60.167679376000144,-17.440874446255844,11.282442984800246,5.669432890487727,03-01-03-01-02-01-06.wav,happy,6
3.4367708333333336,0.37941176470588234,243.60530085657211,49.17565795822135,81.07270890780573,326.853872446021,245.78116353821525,0.00845980836758862,26.819297663305925,24.003998028579925,65.96923125328216,-21.71576238219989,12.3475032285996,6.185465333300799,03-01-03-01-02-02-06.wav,happy,6
3.5035,0.37752161383285304,407.7621684132662,113.60089686482193,268.7543991026815,597.3549733876752,328.6005742849937,0.04557773659639022,44.706006358671544,23.412906995298385,78.28571417790172,-9.14893014497763,14.60323195536061,7.134658268184586,03-01-03-02-01-01-06.wav,happy,6
3.470125,0.4127906976744186,509.3826973401047,84.75349692556945,288.7859321014008,598.9951637600735,310.2092316586727,0.04095487560025661,39.330072137560414,27.960834303643626,77.4029025967068,-9.162009461355073,13.918325651364517,7.08380122468468,03-01-03-02-01-02-06.wav,happy,6
3.5702291666666666,0.403954802259887,466.9255353993314,94.94103091215462,288.31770753567343,596.756997858011,308.43929032233757,0.04103961990577333,40.785588562983456,27.436547731827368,77.24036858357175,-20.517901712283123,12.472189299880982,6.931098147192445,03-01-03-02-02-01-06.wav,happy,6
3.6035833333333334,0.39775910364145656,474.7126750105173,102.28543753480996,289.90680464286737,599.2997914593909,309.39298681652355,0.048656737268102934,45.05936472814637,22.14043695708535,78.48434913064149,4.422187924906563,12.367369436080672,7.057678455055512,03-01-03-02-02-02-06.wav,happy,6
3.5702291666666666,0.3898305084745763,208.42453156452387,47.08495114726671,75.5816091478664,265.44168629326447,189.86007714539807,0.0016142965586881566,17.819383365942837,20.29353895664141,47.68085255393803,-24.014034441274063,13.267657908802,8.888298460295001,03-01-04-01-01-01-06.wav,sad,6
3.6036041666666665,0.4117647058823529,227.22677273734342,28.46581300238096,106.01054893765476,270.4601135308185,164.44956459316373,0.00169669850182237,21.25619695633599,18.567895100441763,48.478037747366464,-14.865856765565242,12.874543995132694,8.443960197097306,03-01-04-01-01-02-06.wav,sad,6
3.4701458333333335,0.38953488372093026,223.4963588847931,45.12286117653922,76.3961926564778,276.4433481465958,200.04715549011797,0.003393315652270014,18.628333442706136,25.31113971804892,57.07866116464294,-22.87189756716204,14.515968909491182,7.865403849786389,03-01-04-01-02-01-06.wav,sad,6
3.4367708333333336,0.4147058823529412,221.93415717875672,25.91165314963248,108.66582714128485,259.07639296973264,150.41056582844777,0.0024977533709334182,7.694922593144289,60.802700554297026,51.20845525527605,-300.0,15.06776314799002,8.399187507783003,03-01-04-01-02-02-06.wav,sad,6
4.2041875,0.434052757793765,447.5354844858965,81.87068357017509,84.27125801249315,593.8534498712452,509.582191858752,0.017506560638400094,37.1946475632856,24.669672601716975,70.81174034208826,-27.272531759160955,14.53551661506335,8.119612206191796,03-01-04-02-01-01-06.wav,sad,6
4.104104166666667,0.23587223587223588,400.57566343473826,124.79355367808604,116.40347937190342,597.8260704537088,481.42259108180536,0.00202465711079172,3.8405152852387117,75.98282244949363,53.39104532438303,-300.0,6.14632301730653,7.571319308770292,03-01-04-02-01-02-06.wav,sad,6
4.604583333333333,0.2975929978118162,451.85899037547654,61.412617616395785,207.64261949089774,562.5688652760593,354.9262457851616,0.015362317861318125,31.835761884062297,26.991342093738652,72.54529093914965,-65.64776128194305,7.769634208725495,4.572723773489148,03-01-04-02-02-01-06.wav,sad,6
4.037354166666667,0.3725,308.304712205428,68.93228078895483,111.55289488785512,405.26322909531154,293.7103342074564,0.007730215037604226,28.98889473005701,44.13127706352223,61.45240940734327,-300.0,10.43369092070975,7.678425902107262,03-01-04-02-02-02-06.wav,sad,6
3.7704375,0.35561497326203206,245.08112821310533,55.469429421327725,76.26753321343796,349.8197932324979,273.55226001905993,0.006148875977279644,21.116934558009447,46.87984706822923,63.04439737236677,-300.0,10.745887099419193,8.023168197503377,03-01-05-01-01-01-06.wav,angry,6
3.970625,0.35279187817258884,254.79445607159744,58.73222308324622,79.01339390171412,364.16360489978535,285.1502109980712,0.006738987059777872,28.475225994504296,27.555825149321034,61.20490419715165,-300.0,11.473368847688738,7.503711201875638,03-01-05-01-01-02-06.wav,angry,6
4.2041875,0.4052757793764988,252.1074117737984,40.661918937813354,98.32087158120466,330.8613956074677,232.54052402626309,0.010054241667197894,30.944771215329755,25.98283786030181,65.22904260010833,-35.397289615416476,11.16748788016637,7.434237936214209,03-01-05-01-02-01-06.wav,angry,6
3.9038958333333333,0.3979328165374677,258.17189568059445,33.32742420289319,140.79781236013395,321.1167128228269,180.31890046269297,0.013504680547460204,27.083159680095818,43.62223007601947,70.14887773273662,-300.0,12.257948416279904,7.678066374134368,03-01-05-01-02-02-06.wav,angry,6
4.104104166666667,0.35135135135135137,400.6668624631968,160.44611550855706,81.14434293962836,599.8206487620733,518.676305822445,0.11660802595414413,44.772558940153395,31.077394370988475,86.30795626124527,-19.89145837758921,11.929317054900308,7.678618265842412,03-01-05-02-01-01-06.wav,angry,6
4.2041875,0.3381294964028777,426.2791746580809,134.0913126563662,152.9114078275717,599.7940864587375,446.88267863116585,0.10477167668538864,46.639201665501844,27.995178551607285,86.13681034959623,-1.5363093156239778,12.185339558110474,7.648972355928881,03-01-05-02-01-02-06.wav,angry,6
4.437770833333333,0.45,476.42771375204205,70.52151289060878,275.2549819514747,595.2270885607326,319.9721066092579,0.0914508510481142,46.621250422503444,29.514643626898426,84.13100940464624,-6.469294994429732,13.39912449365561,6.6200046460165645,03-01-05-02-02-01-06.wav,angry,6
4.471125,0.39414414414414417,499.1212134067937,53.1724363145664,279.1462653800331,562.0367801675735,282.8905147875404,0.08801264267393623,47.83056318687716,26.302551806797275,83.8901707581575,-1.4393979837268411,15.988483789111555,7.3665713535682915,03-01-05-02-02-02-06.wav,angry,6
3.6369583333333333,0.39444444444444443,264.0882926490626,31.12127817912337,198.9374884495386,313.61419431272265,114.67670586318405,0.0036753078992330054,23.333666877159285,22.7543085472487,56.40668770078375,-16.522908544499874,11.899856186963753,7.1589672115471945,03-01-06-01-01-01-06.wav,fearful,6
3.4367708333333336,0.36470588235294116,258.7246708042219,38.806443830852615,176.2932810312143,355.364573027985,179.0712919967707,0.0037778205942577275,25.45801560478048,20.716974724537728,56.05504417896684,-14.050989650212921,9.57792414917108,6.396518548363456,03-01-06-01-01-02-06.wav,fearful,6
3.57025,0.4293785310734463,269.1918678157611,40.205514623404206,87.29032175398302,321.2644856638282,233.9741639098452,0.00522848167640808,26.140666828040583,23.42400497817314,58.76164500461525,-43.406199432903136,11.686629243983992,5.716773514418229,03-01-06-01-02-01-06.wav,fearful,6
3.5035,0.3804034582132565,262.5591754844056,34.192848160525415,168.7279456925228,336.1013098767635,167.37336418424067,0.005127520916710241,25.40542546414344,24.013982582968197,58.56804081978575,-20.746836021132445,9.810385724564904,6.065393893693906,03-01-06-01-02-02-06.wav,fearful,6
3.636979166666667,0.3638888888888889,336.95240007078684,22.184189197968024,296.67284436452866,412.6718118694398,115.99896750491115,0.0972320359519538,51.33384699104904,20.88194773683882,83.50474341498995,14.71216588756951,14.591249762206772,7.001630129577522,03-01-06-02-01-01-06.wav,fearful,6
3.6036041666666665,0.40336134453781514,340.96983573466116,53.00791102081156,125.79224376024187,416.8846919860849,291.092448225843,0.08810878181376754,50.686672115522555,22.250529922954932,83.39092965224033,2.5590225237161106,15.354652192653848,6.688439885752863,03-01-06-02-01-02-06.wav,fearful,6
3.7370625,0.37027027027027026,388.1223119492252,89.13957169829636,282.17460899676394,595.4992729417488,313.3246639449849,0.06117114346308095,48.34099434809212,22.09857166118057,80.21936122028984,3.2456251028034067,11.580503608708302,7.05575223202596,03-01-06-02-02-01-06.wav,fearful,6
3.7370625,0.35945945945945945,364.06830310233704,56.58322527407293,230.61467768608964,511.07288459223713,280.4582069061475,0.12123070126860803,55.166155531083625,20.625773324644594,85.3275518006893,5.272766970380582,13.707959867021843,7.900824345706532,03-01-06-02-02-02-06.wav,fearful,6
3.5035,0.4265129682997118,221.84257785777112,36.91703365594156,107.1324422644909,298.80087105928595,191.66842879479503,0.001572526956521111,10.501318442327456,69.412166165986,48.587371802908486,-300.0,8.077900269328344,8.621854467927896,03-01-07-01-01-01-06.wav,disgust,6
4.2709375,0.35377358490566035,215.7729894107515,38.155191889878026,93.12343689688608,297.18472932056164,204.06129242367558,0.0012776225568705314,-4.133877864329702,85.6272032580692,48.31014259915812,-300.0,6.927345259506849,8.270068278036831,03-01-07-01-01-02-06.wav,disgust,6
3.7370625,0.3567567567567568,228.76387421388048,24.810470767982856,166.5174432967627,282.7485710382467,116.23112774148402,0.001879592625845701,-0.5826099968267915,74.09601593688382,46.87599795346554,-300.0,11.547299209768498,8.886879473488172,03-01-07-01-02-01-06.wav,disgust,6
3.9372708333333333,0.3564102564102564,209.87341664900526,23.90019249534591,80.91530827783713,256.3372577013264,175.42194942348925,0.001982180169434172,-25.85978622794109,117.58510539330914,50.32371853505928,-300.0,10.358612950390993,8.10674261868299,03-01-07-01-02-02-06.wav,disgust,6
4.3043125,0.31381733021077285,361.3368666484492,76.36077865343505,112.72012030288599,454.17533784928247,341.4552175463965,0.01172851042456035,8.055395964299446,90.87411562643095,67.67383510719596,-300.0,12.098713368942906,9.395949454180716,03-01-07-02-01-01-06.wav,disgust,6
3.9372708333333333,0.4025641025641026,263.0150036760782,35.45706488702999,79.1736818974534,339.5381861049457,260.36450420749225,0.005454871023045148,-12.595351806542652,107.28871601191167,60.232251957156436,-300.0,13.067536755438207,7.756172576413,03-01-07-02-01-02-06.wav,disgust,6
4.037354166666667,0.39,259.4336661302535,59.810803286684745,86.53434352882522,383.0249150792315,296.4905715504063,0.008344324744568395,24.120517835800147,44.590902670140125,63.96077280751895,-300.0,10.220786168422926,7.359400970016207,03-01-07-02-02-01-06.wav,disgust,6
3.970625,0.3730964467005076,265.9899369385789,26.02102829157576,183.06992839702414,304.9171698422487,121.84724144522457,0.005876383138574724,29.88845079933744,21.19771152009255,60.884782866912246,-49.08869047441969,11.612633726116478,8.412273992812057,03-01-07-02-02-02-06.wav,disgust,6
3.2365625,0.35625,243.0383324696987,37.441546624258685,154.54657169919344,316.84409045969824,162.2975187605048,0.003037702705350354,-4.559465217643066,84.4234385234299,53.595775035752084,-300.0,11.192755213834847,7.255504068485048,03-01-08-01-01-01-06.wav,surprised,6
3.2365625,0.35,255.09114136063428,46.204602964557594,164.63833347268042,373.60608966966663,208.96775619698622,0.004094989720093361,-23.805811336415427,111.77193703377473,59.42467484168387,-300.0,10.947293025224582,6.987394171835929,03-01-08-01-01-02-06.wav,surprised,6
3.2032083333333334,0.33753943217665616,272.1908556147224,78.35452072536815,160.61113294131812,496.57882444268586,335.96769150136777,0.0045527085189098595,19.311448861149806,26.111336334525753,61.06407396280039,-33.810718407719264,8.538229311461084,5.945961550891188,03-01-08-01-02-01-06.wav,surprised,6
3.136458333333333,0.3548387096774194,280.2845567000414,76.52559680905588,156.59528412315993,458.36610507469993,301.77082095154003,0.00406805603362142,22.922475694856974,24.18079889691606,57.148308872811654,-66.04483591413526,9.815428008731073,6.8192166487521995,03-01-08-01-02-02-06.wav,surprised,6
3.2365625,0.353125,270.9122415093561,64.70650552720159,170.5193064254603,437.46987330753024,266.95056688206995,0.0035899462768526954,22.559413031875945,21.387909755820743,56.63991711811526,-6.414358004446978,10.678602280249255,5.94672659681887,03-01-08-02-01-01-06.wav,surprised,6
3.370041666666667,0.32934131736526945,360.5374205773299,86.71353343747313,115.51359479952244,565.0227025211709,449.5091077216485,0.012451884921283086,26.732579237419134,26.969450871662865,66.46085908272238,-27.49614526324542,9.203863640278769,7.306910005435884,03-01-08-02-01-02-06.wav,surprised,6
3.3033125,0.3363914373088685,382.1819222155756,92.9043114902752,124.62437808422044,584.2843476325718,459.65996954835134,0.012186534215708483,28.655268989829132,26.44293515070533,68.70580328778456,-18.894598467003934,10.33699435603552,5.956222170781938,03-01-08-02-02-01-06.wav,surprised,6
3.2032083333333334,0.3470031545741325,385.4683158311223,94.66541169637215,212.88448502094712,599.2806031398851,386.396118118938,0.01302775401819248,28.103520121253194,27.66133803916459,68.11709065904654,-38.116041520819465,10.104753493095439,6.3825248492279165,03-01-08-02-02-02-06.wav,surprised,6
3.9039166666666665,0.3953488372093023,124.03015792278103,27.81581247758093,83.35538251115231,163.27577430134068,79.92039179018836,0.004288905130802263,25.766502260530174,22.097154833776834,59.349976675309215,-17.607353269785616,10.792801007301023,6.100759187685396,03-01-01-01-01-01-07.wav,neutral,7
3.8038125,0.41909814323607425,125.12087736280506,23.42075782176332,84.85279756494732,165.1239139609382,80.27111639599089,0.004544994896109818,27.326675046805295,20.411494252658784,59.16898675317618,-12.483249845131034,10.680786906177294,6.255577566394412,03-01-01-01-01-02-07.wav,neutral,7
4.137458333333333,0.3829268292682927,126.44105671519641,26.063429747362022,81.44927607571235,187.31251310105077,105.86323702533842,0.00507301031334663,25.020667681505422,23.68889359802343,59.526401512761886,-26.554571820943963,9.77543493939153,6.738447018709562,03-01-01-01-02-01-07.wav,neutral,7
3.7370625,0.4189189189189189,110.22770964637509,18.78578064853596,80.54818708666157,149.30361915744507,68.7554320707835,0.003988418168873982,26.722402583301708,20.8547325232225,57.38160935327784,-12.067340507071657,9.780443693088154,6.922248869783682,03-01-01-01-02-02-07.wav,neutral,7
3.5035,0.34293948126801155,114.45295505300618,15.549676911104578,85.87089856932138,147.49312587303422,61.62222730371283,0.0032093452495503666,26.916146914588936,16.98854195407027,54.52980432112003,-7.6610935688784965,8.776085767259943,5.039497633843549,03-01-03-01-01-01-07.wav,happy,7
3.470125,0.3953488372093023,147.85510588139775,24.658010223207956,83.87230588921823,179.1395676483663,95.26726175914807,0.005644797571926921,25.1992243059696,23.840734752051272,58.45236448416112,-18.323220593959824,9.44686119673597,5.211191049185338,03-01-03-01-01-02-07.wav,happy,7
3.403395833333333,0.39465875370919884,168.25217187379778,34.47719379771427,88.38572517914768,227.7956000495747,139.40987487042702,0.006792848010364734,29.891092123427946,20.170241152368604,60.11470468649736,-9.65485266912744,9.136941277166684,6.2015916324456235,03-01-03-01-02-01-07.wav,happy,7
3.403395833333333,0.39465875370919884,168.25217187379778,34.47719379771427,88.38572517914768,227.7956000495747,139.40987487042702,0.006792848010364734,29.891092123427946,20.170241152368604,60.11470468649736,-9.65485266912744,9.136941277166684,6.2015916324456235,03-01-03-01-02-02-07.wav,happy,7
4.104104166666667,0.4226044226044226,212.67095748213478,50.33018475017861,131.5141510275492,498.69459120159513,367.18044017404594,0.023535894054493908,42.63675552688405,21.06931516496514,69.99601691494058,5.092960126140032,9.04304367591167,5.340633421664148,03-01-03-02-01-01-07.wav,happy,7
4.037354166666667,0.385,232.96187951987667,38.92306833840359,128.60159402114112,299.5575406105427,170.95594658940155,0.028430141437833522,45.05641275647072,18.88294005929228,73.7111641464538,11.757547080289028,8.906346213450107,6.230782076065657,03-01-03-02-01-02-07.wav,happy,7
4.037375,0.445,201.29941572815227,39.51111955700727,75.01233903741367,267.52550683900824,192.5131678015946,0.020150431773283864,40.74981052907744,24.945165713665904,68.24756938624692,-16.508710361334067,9.31403820114475,6.627388863815687,03-01-03-02-02-01-07.wav,happy,7
3.8371666666666666,0.3973684210526316,238.60850425915547,50.00907457037223,77.26533055092276,302.8072698903839,225.54193933946115,0.03480204276596427,44.85455496257431,21.41959799790315,73.54309917825972,2.3865992817640502,10.339767032552281,7.244910208339031,03-01-03-02-02-02-07.wav,happy,7
3.536875,0.3342857142857143,145.59040313617737,19.12327074251107,116.05285084369413,201.45051246071426,85.39766161702013,0.002606828121437326,14.25343648454445,39.16394749603933,53.85361001632107,-300.0,11.487167803775447,6.930747635857504,03-01-04-01-01-01-07.wav,sad,7
3.6035833333333334,0.33053221288515405,110.61846744290804,9.71466961421894,93.21416743099853,132.25793629155405,39.04376886055552,0.002925121476883046,22.545609401158345,18.56883906181426,56.26596070570293,-12.37428547670519,9.832297934416593,5.140139275905208,03-01-04-01-01-02-07.wav,sad,7
3.536875,0.3514285714285714,148.27992919079517,80.05510146915769,78.6856137006631,502.222668373531,423.5370546728679,0.0028611604551937227,6.799226553646112,67.1097249313344,54.48912571786076,-300.0,8.32007398041638,6.264621621899208,03-01-04-01-02-01-07.wav,sad,7
3.8705208333333334,0.390625,148.44870138146356,38.5015430841497,91.6913546985321,330.83369113973237,239.14233644120026,0.006022246149035123,27.846509310276456,23.866851782841074,58.74538498704582,-24.958541459411457,8.56588554102687,6.4878430054522696,03-01-04-01-02-02-07.wav,sad,7
3.93725,0.35128205128205126,195.51742465872837,90.9300294056841,79.44969276527065,509.39579842068173,429.9461056554111,0.0060597410456226675,30.626017278161324,18.540104674328333,62.72232203377558,-0.0959665354255663,7.240433334001601,5.287591451532567,03-01-04-02-01-01-07.wav,sad,7
3.8371666666666666,0.32894736842105265,208.67129996830624,70.54089339376269,155.60876749610685,521.0780010211823,365.4692335250755,0.006657597290122649,29.976336216369635,22.30049305190506,65.0370818105929,-20.99335313733979,10.058400534875048,5.925695461737175,03-01-04-02-01-02-07.wav,sad,7
3.636979166666667,0.37777777777777777,200.82222900991314,80.72222882071365,81.76533866239274,463.315048326788,381.5497096643952,0.011052499639697963,33.348845891776705,21.402683398954807,62.38094157006395,-2.6069071121137934,8.602600071255262,7.838222957066234,03-01-04-02-02-01-07.wav,sad,7
3.8371666666666666,0.3815789473684211,179.24804424330114,48.016277108355254,131.6013686841771,380.33390791190556,248.73253922772847,0.008735065775638316,29.424791197204247,24.019056904889347,66.13117716441221,-22.45787283229425,8.876943786591301,6.6964200647386365,03-01-04-02-02-02-07.wav,sad,7
4.004,0.380352644836272,202.56317059640577,84.59439443244312,121.99538647466277,598.6761176293294,476.6807311546666,0.02098053193011365,27.11544897734062,63.44074272534073,70.44071919502431,-300.0,9.326018964109862,5.319229360065491,03-01-05-01-01-01-07.wav,angry,7
3.970645833333333,0.3883248730964467,269.09798278594434,88.60487912529562,78.70915989086691,597.8326206367585,519.1234607458916,0.04808734729684876,40.86141239355815,28.051621491624925,78.09364509410807,-12.649026646844554,11.106207466745369,5.7832552803772375,03-01-05-01-01-02-07.wav,angry,7
4.004,0.3350125944584383,112.10405220996893,19.150039585610354,83.43312338553307,156.35543549573907,72.92231211020601,0.007521975559819763,-11.630142433520884,111.64123311216453,64.14592427602388,-300.0,5.98757212126078,6.232986663038408,03-01-05-01-02-01-07.wav,angry,7
4.004,0.36523929471032746,187.9940407695475,113.17730999500259,79.78358024907926,598.3279640362707,518.5443837871915,0.017897964846515166,8.44860153696049,88.7201419663561,71.37307853560317,-300.0,6.751387249639617,6.097986584115422,03-01-05-01-02-02-07.wav,angry,7
3.6036041666666665,0.22408963585434175,236.6836459978772,111.25847978198219,89.92231534908814,580.0463078325967,490.1239924835085,0.040667761616142196,44.132308483331556,19.96565148073342,81.43910634804658,1.8673961330612592,5.249992932713537,4.4413386696725325,03-01-05-02-01-01-07.wav,angry,7
4.004,0.27455919395465994,301.2499802776467,92.86549636508927,197.67636261345717,535.2285402194458,337.5521776059886,0.0817749656977406,47.63252652188146,22.450701536984567,86.68684385810218,2.136450841620437,7.207184805313472,4.990781393700138,03-01-05-02-01-02-07.wav,angry,7
3.8371666666666666,0.3684210526315789,353.8172649725562,65.97204377118604,223.13937506717315,477.5722672999303,254.43289223275713,0.12028645266996142,45.127493875844756,28.76325211821765,86.67487690789369,-0.02142312340235649,10.33510399966905,5.642527439055819,03-01-05-02-02-01-07.wav,angry,7
4.337666666666666,0.3767441860465116,296.6011646548853,80.47431102313519,88.16268021260449,594.5368593901176,506.3741791775131,0.09620982533254145,49.15335716912319,24.463066108071846,83.96777804677598,-1.0739256865577267,10.085678203482585,5.198857562279016,03-01-05-02-02-02-07.wav,angry,7
3.4367708333333336,0.3941176470588235,187.09361866665412,16.82353231344287,159.99240015543066,227.7312604442332,67.73886028880253,0.0056738299840089264,29.72508998341765,18.92715747775092,58.209148316695156,-1.0147933227987462,11.6249943209438,6.370117809780456,03-01-06-01-01-01-07.wav,fearful,7
3.5035,0.39481268011527376,194.78694397666973,30.5667118867179,76.60576036347415,244.78974838937444,168.1839880259003,0.00724195675817216,27.52974690230762,22.695162691028926,61.04083458477062,-13.53614850231271,12.272324302854223,5.819875573997906,03-01-06-01-01-02-07.wav,fearful,7
3.4367708333333336,0.38235294117647056,179.8583720325886,14.663320669776619,152.21565545533812,231.1264039383278,78.91074848298967,0.006767896179609217,15.124455351498185,61.76993746749692,60.63365280691695,-300.0,11.887398948430317,7.670978659784045,03-01-06-01-02-01-07.wav,fearful,7
3.370041666666667,0.36227544910179643,179.97304963507565,18.23749906438334,129.08355000185472,222.51692383552177,93.43337383366705,0.006454386925706831,21.279203127953963,34.683208042222574,62.610566526283776,-300.0,10.62892648749731,6.879110477384601,03-01-06-01-02-02-07.wav,fearful,7
3.636979166666667,0.4,316.6766310529262,40.69410057121115,242.9785776987187,471.9680717658383,228.9894940671196,0.03084252303827558,23.24289875113945,71.96267300385159,74.83341830994345,-300.0,10.192712427198895,6.3800643712231,03-01-06-02-01-01-07.wav,fearful,7
3.470125,0.40406976744186046,291.9420367559244,67.5621861529724,77.02108483668741,460.32317599280765,383.30209115612024,0.022752443543867296,33.52561236229618,25.44887367495159,72.05171528643686,-2.0287527079001535,13.50134405865819,7.20177670321452,03-01-06-02-01-02-07.wav,fearful,7
3.403395833333333,0.35311572700296734,300.3129584571847,89.15178831666114,146.72193559413068,512.466848841107,365.7449132469763,0.04643729035224646,14.962839354544512,90.07265812215131,78.87647738029867,-300.0,8.649460952424407,7.886738182364829,03-01-06-02-02-01-07.wav,fearful,7
3.5035,0.37175792507204614,349.14445239139707,50.38413817226539,221.83638356797664,488.4760466161489,266.6396630481722,0.04873051767433407,35.70268057848399,30.35622017413681,78.18330819565779,-15.103762138301978,11.054167954473657,7.4310611644855555,03-01-06-02-02-02-07.wav,fearful,7
3.5368541666666666,0.3028571428571429,127.45383489097067,26.5245518072959,75.45877699883286,186.71839468426694,111.25961768543408,0.003542874253525465,-41.260965551791145,132.97297484154373,55.87855172698288,-300.0,6.974531935245522,6.820802383316807,03-01-07-01-01-01-07.wav,disgust,7
3.5035,0.3227665706051873,117.97944031082625,33.476536186758956,74.98260593663335,190.28447585019032,115.30186991355697,0.004293161827424157,21.24311126739277,24.355616832874837,58.95330343617154,-29.197158758749993,6.764087608461283,5.355920495853818,03-01-07-01-01-02-07.wav,disgust,7
3.4367708333333336,0.34411764705882353,110.42407760092388,23.22736905973802,77.456803668266,178.53976195348545,101.08295828521945,0.002679449957846653,9.200650929570118,63.76576009791636,51.032152725432915,-300.0,6.170262801677619,5.764969698550357,03-01-07-01-02-01-07.wav,disgust,7
3.5368541666666666,0.3342857142857143,159.53663754900413,112.08321751478836,85.06927205145256,559.6645630968089,474.59529104535636,0.004464413472796274,-33.358556987882494,129.73294516844078,56.28342487127202,-300.0,5.901821593516356,5.999928111086301,03-01-07-01-02-02-07.wav,disgust,7
4.137479166666667,0.35365853658536583,183.14349101086444,63.185559953090376,79.7119116330167,511.9752659452284,432.2633543122117,0.014030922489964189,22.93285616589271,56.4708201330706,69.97999235604271,-300.0,7.933377146429631,5.936624595201965,03-01-07-02-01-01-07.wav,disgust,7
4.404395833333333,0.32036613272311215,146.2311572318501,84.62409052057868,82.46536913932724,578.3386952743615,495.8733261350343,0.008651154252559676,29.388693367105716,23.680724510742387,66.04176409956868,-21.979106882074532,5.288631550612162,4.693900791172562,03-01-07-02-01-02-07.wav,disgust,7
4.137458333333333,0.3146341463414634,158.51830548368758,99.44184452844068,78.57104765467815,599.4326012623736,520.8615536076954,0.009150434268283273,33.58033158764718,19.698638476529705,65.53382925497107,-9.008115612990187,5.715506339555423,5.845807514817839,03-01-07-02-02-01-07.wav,disgust,7
4.771416666666667,0.39029535864978904,161.59676274613423,79.92223905957398,82.46232085912575,572.7749772408328,490.31265638170703,0.009570082680591754,21.5485440417371,65.1461574470472,62.37120769852638,-300.0,6.299070794482326,6.599063786729497,03-01-07-02-02-02-07.wav,disgust,7
3.470125,0.3430232558139535,178.33729737918014,90.66908877988374,76.52220201671496,537.2626273409761,460.74042532426114,0.006619215334212371,-17.252201633745482,115.24891048784843,61.843052786015164,-300.0,8.370168962161287,5.276790415812981,03-01-08-01-01-01-07.wav,surprised,7
3.536875,0.34285714285714286,160.85552764039252,38.71112369362099,75.22700166554412,238.73073710523008,163.50373543968595,0.007870846712207641,11.150088864709769,69.46903954836908,61.84627727752321,-300.0,7.268213318757217,5.646873781908373,03-01-08-01-01-02-07.wav,surprised,7
3.4367708333333336,0.36470588235294116,145.81026431272804,39.28501740382842,78.31017614371814,250.94240962365265,172.6322334799345,0.006794619682654585,14.666560044036054,65.48401369236728,60.13543935596083,-300.0,6.432926736764583,5.60471701664329,03-01-08-01-02-01-07.wav,surprised,7
3.4367708333333336,0.36764705882352944,153.6083580748555,70.41890401805215,78.98692067502527,517.4177660421454,438.4308453671202,0.0075207778366540076,24.8222350626835,26.87504481259221,61.630849561247146,-47.13634816444005,7.58340768326207,5.739316620737042,03-01-08-01-02-02-07.wav,surprised,7
3.8705416666666665,0.3723958333333333,236.51368732167103,56.10163084494632,75.86263078067864,341.096529163418,265.2338983827393,0.020591590587349665,31.895115347779612,52.094447131001104,72.4807281292589,-300.0,10.100124882328327,5.8643587236341,03-01-08-02-01-01-07.wav,surprised,7
3.6369583333333333,0.34444444444444444,187.14565750414707,63.330371461811595,77.16803889612257,342.6014734007614,265.43343450463885,0.009866627959122978,26.42158575466142,26.732468256705257,66.80942468303945,-17.50214205753199,9.40763736177341,6.907789607605782,03-01-08-02-01-02-07.wav,surprised,7
3.4367708333333336,0.35294117647058826,267.07963581214506,90.6249413928399,123.06612018750678,598.1890378006959,475.12291761318914,0.01961983536117901,33.53671099191217,25.478633937772102,72.05037858285449,-13.885050524799825,7.859106384918512,5.691663183940552,03-01-08-02-02-01-07.wav,surprised,7
3.470125,0.3691860465116279,206.35879807328448,87.45812307217653,103.86197407693463,586.1454701452583,482.28349606832364,0.013526464852301112,-42.86399790911182,142.5893214037407,68.19533827774687,-300.0,8.364117207681668,6.044449713174013,03-01-08-02-02-02-07.wav,surprised,7
3.5035,0.3314121037463977,206.50894557905255,27.389595445895022,157.3146103539603,286.55980460259246,129.24519424863217,0.004119316379911207,25.71775804319204,19.06515824844155,56.79946522884553,-3.0777526550369205,12.900929547433224,7.0678334236123765,03-01-01-01-01-01-08.wav,neutral,8
3.636979166666667,0.375,201.59803276210664,24.85034622737891,146.41980261929217,261.30287665144147,114.8830740321493,0.004160032751254433,27.37256778160037,18.21493721995835,55.85086571497996,0.02455024468400378,11.671061561659927,8.301773986749264,03-01-01-01-01-02-08.wav,neutral,8
3.5368541666666666,0.35428571428571426,200.8844730764139,23.237947475134586,140.34605182891596,258.848652819848,118.50260099093202,0.00473437637187547,27.108643932566093,20.055153049596665,56.87634306394141,-3.42819434070572,12.160176399929181,7.925580276134625,03-01-01-01-02-01-08.wav,neutral,8
3.5035,0.37175792507204614,189.93400196832707,24.61759222517033,126.50397576141958,260.0243346379973,133.52035887657772,0.004593524812599403,27.153691682779773,19.26262092752446,57.086936355294434,-7.4321456981999,11.53125426357574,7.6509374531120065,03-01-01-01-02-02-08.wav,neutral,8
3.5035,0.3400576368876081,207.97961071599238,50.25072411666321,81.17804932550156,300.032748549263,218.85469922376143,0.006063379695697777,26.937254900576566,20.966900869272063,59.09320667585181,-3.3371481585661256,10.517161022676351,6.575099253760187,03-01-03-01-01-01-08.wav,happy,8
3.43675,0.37941176470588234,205.28721586412,37.686614911793924,158.220246094336,315.5183629448183,157.2981168504823,0.006231491773111232,27.68071429623221,21.042234198993608,62.23892410517032,-0.7399315229726082,13.260979559494041,6.237230305961531,03-01-03-01-01-02-08.wav,happy,8
3.470125,0.35174418604651164,197.65090111961933,38.33377182644587,77.85031326794028,258.8047305135014,180.9544172455611,0.006563897814025693,27.6491550440442,21.07086332523677,61.85114884166456,-2.7367208134600025,11.128059340341904,7.100873757073743,03-01-03-01-02-01-08.wav,happy,8
3.4367708333333336,0.3558823529411765,202.30906897825216,42.55835966716284,83.3061134059908,300.47865110478256,217.17253769879176,0.008385282500139347,27.928012834523766,22.219845183120626,65.12214272044433,-3.4406410446415263,12.198969230829384,6.34516404477678,03-01-03-01-02-02-08.wav,happy,8
3.7704166666666667,0.39037433155080214,249.29748125344267,59.244097233019694,82.86049132377384,333.68837962263854,250.8278882988647,0.017971443034756014,34.617069491010994,23.36388558386729,70.149167107714,-2.4516852361759125,13.576525474386749,5.53658173537281,03-01-03-02-01-01-08.wav,happy,8
3.9038958333333333,0.3953488372093023,235.83963258960569,48.60741483385204,165.57956739111697,395.5118002609836,229.93223286986662,0.01716324180565632,33.34636316139123,23.466452947435815,68.64094657713348,-4.448186214535581,13.676301324032902,5.623523414886799,03-01-03-02-01-02-08.wav,happy,8
3.8371666666666666,0.4131578947368421,253.6851595126946,35.94276036257473,164.12179498947168,323.1092033016187,158.98740831214704,0.019062452716356725,37.10695618424538,23.05761921780964,74.00011188536007,-14.803366553362165,12.528938431166145,6.458118722855563,03-01-03-02-02-01-08.wav,happy,8
3.9372708333333333,0.382051282051282,251.3542351348127,45.521966324063314,81.69152892524804,340.4727271361802,258.7811982109322,0.014926256649706515,35.386809937787646,22.063298961317336,68.2794559411989,-1.0727632348528253,12.800020584259242,8.01758560757813,03-01-03-02-02-02-08.wav,happy,8
4.204208333333334,0.3117505995203837,223.70994840023437,26.217695495342234,176.40212627539123,298.57263325612837,122.17050698073714,0.002655213728904239,24.339609768562564,16.245183850422762,51.88899925805884,1.4697763218813262,10.974855601752012,8.580393994389976,03-01-04-01-01-01-08.wav,sad,8
3.8705208333333334,0.3229166666666667,196.31468091053142,16.43335904699596,170.18480566146783,244.9400825372113,74.75527687574348,0.002365914353064376,22.583072340801937,17.03619381386253,50.280954924662794,-1.2807441316966142,11.383823652277465,7.492425646293814,03-01-04-01-01-02-08.wav,sad,8
3.57025,0.2824858757062147,215.3275487262524,13.099272572206356,183.78434457725368,247.83383977669433,64.04949519944066,0.0024201388207461087,22.17119437940368,17.689118915293175,50.93373617989819,-1.1932519386956226,11.015938946134238,9.085588378682647,03-01-04-01-02-01-08.wav,sad,8
3.6036041666666665,0.28851540616246496,200.088207993596,27.79900985848279,97.10792736373625,266.7224336420572,169.61450627832093,0.0023621271510277427,23.456023511392484,16.675677761068986,52.047177557579396,-2.6234427871903616,10.996876555487392,7.700742620780759,03-01-04-01-02-02-08.wav,sad,8
3.7704166666666667,0.3449197860962567,262.4573005856567,31.634206300516137,204.70514611794871,354.6427675659675,149.9376214480188,0.005595047875756554,29.05506128147373,17.60248571664231,59.868762604144656,0.014334251353097769,13.549798453562635,8.755458199645183,03-01-04-02-01-01-08.wav,sad,8
3.9372708333333333,0.33589743589743587,274.86248617451434,38.4979443369721,214.85809220860264,417.4092889545973,202.55119674599464,0.005827924720539518,29.453091197935876,17.117028554908202,60.622065815743234,4.949757950581549,12.871380751968575,9.493678098334126,03-01-04-02-01-02-08.wav,sad,8
3.6703333333333332,0.3516483516483517,265.30763213084225,29.630665147911223,211.35267328250535,337.05368419292535,125.70101091042,0.005285185375087838,28.24897125584535,18.95423837586162,57.97207858219946,0.593011711397582,12.407566480844556,8.039692604775631,03-01-04-02-02-01-08.wav,sad,8
3.703708333333333,0.35149863760217986,249.7898252910849,52.818421599889845,88.69835178275733,343.783917217782,255.08556543502468,0.007037548197950652,35.47419181284611,16.971064232677847,59.78654131766071,2.7393749155574203,13.728282663263792,9.380184911556293,03-01-04-02-02-02-08.wav,sad,8
3.703708333333333,0.30517711171662126,242.97325233285378,34.28114885832142,189.69432719428315,320.73848291227586,131.0441557179927,0.015766895186558137,31.84203322101865,23.41339969661716,70.51002740439563,-10.81121078667147,11.5774992044685,8.104644094006863,03-01-05-01-01-01-08.wav,angry,8
3.6036041666666665,0.33613445378151263,228.88065919340272,69.69839118622491,76.27340120763539,586.137445617015,509.86404440937963,0.016381237676412017,32.528552220210045,22.75115395108713,72.66437574923533,0.701514160138112,12.959036128161571,6.617339464387939,03-01-05-01-01-02-08.wav,angry,8
3.536875,0.3028571428571429,206.67813695342048,28.851080230265595,150.90031531597828,276.6975144580724,125.79719914209414,0.01240574070706588,29.733953701176056,23.24213634363061,68.616952993889,-6.840071147602213,11.551335623896698,7.506032134154307,03-01-05-01-02-01-08.wav,angry,8
3.5702291666666666,0.3305084745762712,218.45421526378175,36.605804034296696,76.50224360414026,309.7711061524624,233.26886254832212,0.014423759683833361,31.296653979146125,24.173445838141003,66.63011772506331,-3.241172106782892,12.164577460981914,7.9446618778342915,03-01-05-01-02-02-08.wav,angry,8
3.970625,0.36548223350253806,296.14473288240555,80.01161627202121,131.1157726886335,598.3730198871018,467.2572471984683,0.03770224150249224,39.31881958108879,24.78857065840948,77.17022749954126,-7.8761873982606225,12.598344222489853,7.208377043510215,03-01-05-02-01-01-08.wav,angry,8
3.7704375,0.32085561497326204,345.74978222565807,64.71103686309996,145.08657913912913,471.6199448129033,326.5333656737742,0.09545578564100014,40.846582122659065,27.359254738328133,87.53181833634129,-5.295984149466417,12.175614939946982,6.187087465686584,03-01-05-02-01-02-08.wav,angry,8
3.6036041666666665,0.33613445378151263,283.9852414306768,43.443986812835085,171.01817502291092,401.8873239426717,230.86914891976076,0.03820736822347927,34.6116436479262,27.740865667289754,79.24435464198856,-0.6793028493769406,11.145416453913404,6.5704569723645845,03-01-05-02-02-01-08.wav,angry,8
3.6369583333333333,0.33055555555555555,306.88203725800463,56.50156094505392,186.5953590525356,421.1740930300707,234.5787339775351,0.041817311206721754,36.40519689886228,26.4331193963706,79.92736553230432,-0.9128229450176152,11.45337092788132,6.5164497155292995,03-01-05-02-02-02-08.wav,angry,8
3.970645833333333,0.32741116751269034,282.05890574031247,48.16500851513693,185.62814373259954,404.88539473273204,219.2572510001325,0.015193682060569036,34.77328610627688,20.91527961414115,68.23830722537738,-4.941857903622652,13.090239807192653,8.825747339402191,03-01-06-01-01-01-08.wav,fearful,8
3.6703333333333332,0.3241758241758242,259.0745713028132,51.446972517981315,88.27591442024328,368.4269059040884,280.15099148384513,0.014450257075404059,38.608261227268684,19.742247623345783,67.28581807839787,0.5736236109729402,11.715864945082249,8.753208425996762,03-01-06-01-01-02-08.wav,fearful,8
3.7704375,0.3422459893048128,262.3407855289407,48.21250371226377,86.99354894927335,354.91332243619553,267.91977348692217,0.017492729117574563,37.76758294506136,20.608145829723995,68.17230343300415,3.1525136573988455,11.109884712483176,8.878940833430448,03-01-06-01-02-01-08.wav,fearful,8
3.6703333333333332,0.3516483516483517,265.7289026880077,50.0442599416425,77.05018785661174,343.5315700244813,266.4813821678696,0.013516163239080819,32.25979642404306,23.50829422772121,66.78453941106164,-6.007262097692887,11.592534739795804,7.977094238665541,03-01-06-01-02-02-08.wav,fearful,8
3.970625,0.29949238578680204,373.6327841801859,27.52024913943783,318.1571170624241,418.7941739562945,100.63705689387041,0.0447858816865763,38.02749989883635,23.867664996379844,83.86918219540772,-5.34862641730213,16.143811420080166,6.9180023095642635,03-01-06-02-01-01-08.wav,fearful,8
3.9038958333333333,0.3333333333333333,390.20694510879537,29.723454718632368,335.1639860194296,454.3503891066772,119.18640308724758,0.04843830585835619,32.34361878204725,52.206615593579635,81.03230606997728,-300.0,15.97556822883995,6.662623662301357,03-01-06-02-01-02-08.wav,fearful,8
3.8705208333333334,0.3020833333333333,402.8828561886804,53.73256013129173,327.92698731816586,521.6281487155356,193.7011613973698,0.04470591219632556,37.69715344928754,25.593537277978413,79.21373437396628,-5.576081964254494,13.831819083097116,8.159175502047994,03-01-06-02-02-01-08.wav,fearful,8
3.9372708333333333,0.35384615384615387,367.5924611352868,33.472914071772,309.1411350246257,508.9218035882365,199.7806685636108,0.05241868070197708,42.45742257265251,24.88456069881953,77.77128468482918,4.984440073216296,14.092471038896427,8.612465911000873,03-01-06-02-02-02-08.wav,fearful,8
3.9038958333333333,0.3178294573643411,190.61594363215144,40.2961966483941,80.54726342657787,260.0412809625107,179.49401753593284,0.004119753609496787,26.510494383271386,18.30608040883754,58.708374250898515,-2.8827239795659114,10.623822162242718,9.100238366142598,03-01-07-01-01-01-08.wav,disgust,8
3.6703333333333332,0.29120879120879123,192.11592997732959,26.781513105558588,144.03799766537824,253.9762061932722,109.93820852789395,0.003456541296673511,25.97365715399475,17.34243481744943,55.66379571903192,-0.4111287201342687,9.681627013070297,9.330520260783505,03-01-07-01-01-02-08.wav,disgust,8
3.9372708333333333,0.33076923076923076,192.83438038934904,32.23987291157891,83.95901312388813,245.87332530243975,161.91431217855163,0.004943437917087612,28.53081266484415,19.501838723818896,57.24872593759141,0.3187152135627793,11.033005297932597,7.82384611280432,03-01-07-01-02-01-08.wav,disgust,8
3.8371666666666666,0.31842105263157894,194.59934006045287,21.35173732132501,146.73508061031674,251.40042663707774,104.665346026761,0.004916548170430759,26.468745372446175,20.578411034360396,57.52163557192122,-6.016759013572789,12.49345878440737,8.534416027583068,03-01-07-01-02-02-08.wav,disgust,8
4.070729166666666,0.2995049504950495,215.47666983829993,59.51132388696883,150.3698447910655,556.307536572898,405.93769178183254,0.007413953829067276,29.98370051615355,20.211357631066754,62.15247538194326,-1.0000125541305993,11.922832169210917,9.620676029996977,03-01-07-02-01-01-08.wav,disgust,8
3.7704375,0.36363636363636365,195.31209208656497,36.085716938965646,76.61243666372711,267.3594218227904,190.74698515906329,0.005070210810212227,28.732879527251004,18.35250895656441,58.828193150512725,-1.4122095627446505,9.350394905966548,7.784086122017334,03-01-07-02-01-02-08.wav,disgust,8
3.7370833333333335,0.34054054054054056,192.54318366375287,19.610201267485312,152.50015527562135,241.1380649104113,88.63790963478993,0.005889897250034633,27.525680220572504,21.256919875105616,60.88986940350967,-0.42147136236323246,10.477793124953859,8.555033217263405,03-01-07-02-02-01-08.wav,disgust,8
3.8705208333333334,0.3203125,211.8844337963116,62.11258581430069,140.77802297503777,588.2822697333485,447.5042467583107,0.0081452827242898,28.661313759724013,22.907327925250616,62.184722328929865,-2.4178863653695952,11.494792863908382,8.388871488507707,03-01-07-02-02-02-08.wav,disgust,8
3.703708333333333,0.2724795640326976,242.12175823212917,60.14197982312143,111.37321619438735,383.5778496050993,272.20463341071195,0.006511250601610505,27.916900475013588,19.310801776276545,62.94710395594105,1.8966854531254471,6.1620138598771215,6.768909417712942,03-01-08-01-01-01-08.wav,surprised,8
3.8037916666666667,0.3129973474801061,260.9524011269411,79.41501165166937,95.58010487962352,512.004684882898,416.4245800032745,0.00758583892285959,28.136846291684517,20.91154231331576,62.87900669021934,-0.6465736749092944,8.346755062856147,7.416457133139907,03-01-08-01-01-02-08.wav,surprised,8
3.7704375,0.2967914438502674,270.90517948608857,75.59508190231502,79.68173595379392,455.4252705280736,375.7435345742797,0.01159291297346182,30.553553025257315,22.227928936502828,66.43679063582124,-5.394762622683858,9.643084972202743,6.617131940168926,03-01-08-01-02-01-08.wav,surprised,8
3.536875,0.32,249.4143868558047,75.78347654293772,94.1050898397441,483.0199929516298,388.9149031118857,0.008529796188574306,28.923889178536303,22.177772454402223,62.7880947973802,-5.911772159305491,9.738429127064165,7.736020846137012,03-01-08-01-02-02-08.wav,surprised,8
3.8371666666666666,0.3105263157894737,304.56337498998533,104.00707978784673,84.72403895698407,537.6984587623475,452.9744198053634,0.011397539480768751,32.21997538414133,21.4738031955782,66.28139843834734,-2.99651853457916,6.88793820754142,7.71118344924261,03-01-08-02-01-01-08.wav,surprised,8
3.7036875,0.28337874659400547,276.52349745752844,75.3113520826082,83.8922263065546,469.2128973560238,385.3206710494692,0.01374588851779183,31.518944919051943,22.125818699910702,68.45682829424523,1.1456797244026884,8.319585439552785,6.962171726047944,03-01-08-02-01-02-08.wav,surprised,8
3.8037916666666667,0.29442970822281167,300.48461143233396,92.32931887830148,87.12946342494605,522.104664186485,434.975200761539,0.016902817713871244,31.395167858184386,24.262049346195578,70.18400273150155,0.6911710436202513,9.595376664697254,6.121584929559034,03-01-08-02-02-01-08.wav,surprised,8
3.8705416666666665,0.3046875,305.2019179933546,80.53552873955965,206.8608422603639,487.78094146719184,280.9200992068279,0.016577110987925366,31.917651724119875,24.618898073424702,69.02350576612999,-7.915183744745798,9.799171282713239,6.750594057232515,03-01-08-02-02-02-08.wav,surprised,8
3.2699375,0.34365325077399383,100.64831196652706,62.40085413924777,75.51350715812448,556.0866445584461,480.5731374003216,0.0018723925231092446,28.07102194695877,15.25776918483328,50.178944183636816,-3.0829254700392865,9.587580124488055,6.205033755095429,03-01-01-01-01-01-09.wav,neutral,9
3.2032083333333334,0.35331230283911674,90.85851905558357,10.26406536313515,75.5521179697149,114.06797423518748,38.51585626547258,0.0015192300018430282,15.790594976596818,21.41985286589268,48.57085535066899,-47.92753085812567,9.668720766551186,5.871769029813787,03-01-01-01-01-02-09.wav,neutral,9
3.3366666666666664,0.2909090909090909,94.022578809276,16.291279396943768,75.2733795998025,140.1940170249684,64.92063742516589,0.0016641417450134245,10.706611700284986,42.48758133997002,49.58028958564515,-300.0,7.084363854281582,5.35105013715684,03-01-01-01-02-01-09.wav,neutral,9
3.2365833333333334,0.346875,97.01526499810676,62.94190906776969,74.95433881959424,558.6536311446724,483.6992923250782,0.0018276473491653335,-0.6829437127254561,74.64007477425464,50.95454692812698,-300.0,9.618851655525509,4.431193558411226,03-01-01-01-02-02-09.wav,neutral,9
3.3366666666666664,0.3939393939393939,99.8953474092092,15.74684179629313,81.42318152899958,194.48354209106932,113.06036056206975,0.0027313392787335234,23.30506038031072,20.02977348983125,53.51407384618294,-20.457564136046145,10.113163382262096,5.95795994039392,03-01-03-01-01-01-09.wav,happy,9
3.5368541666666666,0.36,122.46336671831223,20.781876709474755,76.10892291149524,158.73461231332882,82.62568940183358,0.004607148474777836,23.53094565179147,22.544218696295893,57.92201958364028,-11.952552298113865,8.663189872304585,5.31070423155776,03-01-03-01-01-02-09.wav,happy,9
3.3032916666666665,0.3211009174311927,103.61872125878331,11.565719107313127,74.98825566814311,130.15492081219182,55.16666514404871,0.0033010632890714026,-4.621496059572203,88.96745742546112,55.60463168194404,-300.0,8.603497805124313,5.888144361132421,03-01-03-01-02-01-09.wav,happy,9
3.4701458333333335,0.36046511627906974,134.79015523216185,72.96661702799713,95.9790756476345,460.7839915828157,364.8049159351812,0.005496668034254911,23.586866473690336,24.405420732235932,60.48223158218386,-20.177539531123468,8.697652362648133,4.930414449971918,03-01-03-01-02-02-09.wav,happy,9
3.7704375,0.40106951871657753,233.58454000924937,23.94039557303426,175.29916523606786,272.2255823626655,96.92641712659761,0.03274002204009537,39.804128147677005,23.436240575538836,75.04978150771997,3.058367221650836,14.126180880564474,8.62793568976259,03-01-03-02-01-01-09.wav,happy,9
4.170833333333333,0.4106280193236715,240.59257281385877,56.91243809736539,122.65040061691234,485.93089491371535,363.280494296803,0.025605702167968727,42.049939819790296,19.95212740603524,73.11533044871246,4.821950490323001,13.897042734621444,6.4138912820986915,03-01-03-02-01-02-09.wav,happy,9
3.57025,0.3728813559322034,230.42490711003296,29.467705690487943,160.01747480050395,296.71919313210464,136.7017183316007,0.036552853155342416,35.41434772327259,28.668197919567834,76.08634408942206,-10.906769124037032,9.154186453686302,6.791062302284684,03-01-03-02-02-01-09.wav,happy,9
3.5702291666666666,0.3531073446327684,202.71304978812535,25.631043653047133,131.93238356847897,245.26211041299013,113.32972684451116,0.02614352183714263,36.29649014109883,23.757690352949535,73.9333035006336,-4.333468254703369,12.952489285436489,5.5798501595575125,03-01-03-02-02-02-09.wav,happy,9
3.2699375,0.11764705882352941,87.38539272514228,9.788346249891,75.61769403866221,112.57253249457709,36.95483845591488,0.0006518790784855521,12.110742403941577,15.911086711947679,43.93869938119685,-14.786336299606614,2.839231937425911,5.5822707223934485,03-01-04-01-01-01-09.wav,sad,9
3.43675,0.20294117647058824,89.23689557367877,8.188393960238727,75.01336331685746,107.66808453322896,32.6547212163715,0.0007872494203036449,-1.2529536646761306,50.876529537167414,48.45273969900784,-300.0,8.12855572309521,4.975333172206426,03-01-04-01-01-02-09.wav,sad,9
3.403395833333333,0.2403560830860534,91.87366317489806,7.478089962960099,77.93194144436254,105.9756869558043,28.04374551144177,0.0011475164697181215,-14.350624558132322,87.93300316958228,48.56143464036877,-300.0,7.131616623754724,5.800085585746105,03-01-04-01-02-01-09.wav,sad,9
3.4034166666666668,0.314540059347181,86.67913560653747,6.774906367686218,76.7688285157574,113.87567852466962,37.10685000891222,0.0006692443449798054,11.922560253374527,19.76948474911462,39.59335287924075,-46.16724022373617,8.660622927291168,5.801665334899406,03-01-04-01-02-02-09.wav,sad,9
3.9372708333333333,0.3076923076923077,148.7180281394798,109.48399545359752,83.48352763266993,483.8256934344614,400.34216580179145,0.0015902892975688848,19.876252895414144,31.02862763511021,52.50754386187505,-300.0,8.480972859202618,5.299467293059834,03-01-04-02-01-01-09.wav,sad,9
3.9038958333333333,0.13178294573643412,163.46360715391904,104.75263841580451,86.39224427966036,564.9573527054769,478.5651084258165,0.0016846102470713027,20.864940879216178,15.938404242946165,50.93059528019276,-6.302792755898295,4.931592855694947,5.160226015684702,03-01-04-02-01-02-09.wav,sad,9
3.636979166666667,0.36944444444444446,151.14666615604435,23.00628803288216,75.22768074560751,217.63004638844058,142.40236564283305,0.002101037372312425,22.372789734831507,19.590488449143763,51.293566075244684,-12.095866557596375,9.147076190153955,5.630582154762519,03-01-04-02-02-01-09.wav,sad,9
3.8705416666666665,0.2760416666666667,195.77609637344273,110.17158085469696,108.55277202749258,555.1393919529966,446.586619925504,0.0021498976944818076,22.749712505278083,18.702382452216913,54.472038427849476,-7.97689986173607,4.17753203991639,4.018683182237042,03-01-04-02-02-02-09.wav,sad,9
3.5702291666666666,0.3050847457627119,97.71563619605305,10.712392616462234,75.42721607838895,126.340497430011,50.91328135162205,0.002252252239923288,17.194386200565337,24.60929511358217,53.59747664229499,-54.69570043916952,7.134124107467992,6.137469132353994,03-01-05-01-01-01-09.wav,angry,9
3.57025,0.2994350282485876,105.57632412943217,15.233642526602877,77.01984723906557,139.73132778503026,62.71148054596469,0.0034985882249072746,-3.824520610073734,93.11407094312528,58.913982823992974,-300.0,7.469398376031497,6.648883057382165,03-01-05-01-01-02-09.wav,angry,9
3.7370625,0.3783783783783784,128.55329139535408,15.393333636987151,76.15892878231202,151.29901621713628,75.14008743482427,0.009357516554402937,29.934447639530227,23.82665770693135,64.12537864429514,-5.563400094775329,10.269396244604499,7.91695716933027,03-01-05-01-02-01-09.wav,angry,9
3.536875,0.3457142857142857,123.85241223195025,16.315478932677536,77.15987596656163,161.93972494026892,84.77984897370729,0.006276189902468868,27.249971225333315,22.787488082249308,59.9085141224931,-7.206038319017879,8.11079072434279,6.413446831854565,03-01-05-01-02-02-09.wav,angry,9
3.8038125,0.2572944297082228,283.1185356088105,109.68933202304542,75.56517302046186,395.19230419736016,319.6271311768983,0.0966519461382487,46.829164032774415,25.363553392526427,85.44177109489132,6.5985053234649085,3.9335739037275252,3.745119882785203,03-01-05-02-01-01-09.wav,angry,9
3.7704375,0.27807486631016043,270.8113649071633,103.82460411321595,78.31567816866182,593.5261512051483,515.2104730364864,0.07555418858678019,44.634667714959264,26.096920269274587,82.01588075905732,-0.8284427533333736,2.6396465666470585,2.9994668817776073,03-01-05-02-01-02-09.wav,angry,9
4.371041666666667,0.3225806451612903,347.3214212222795,74.42934415221474,197.3305422155821,550.0157345514593,352.6851923358772,0.10203257763288416,48.10153211236686,26.63774747782074,83.81750024980464,-1.4027212655600476,5.01873327579434,4.265660197880725,03-01-05-02-02-01-09.wav,angry,9
3.970645833333333,0.3756345177664975,337.44849305317695,51.872399249642406,76.48356101233117,423.38451302763593,346.90095201530477,0.09467951515279377,47.83363116881909,25.564739719307582,82.34735042954694,6.8713534607493045,4.074096459393573,4.554499603384819,03-01-05-02-02-02-09.wav,angry,9
3.1698333333333335,0.23322683706070288,83.92599530719887,7.772571185156254,75.15539005557825,106.99687666164411,31.841486606065857,0.0008473665854084026,-8.712239866105332,78.15181300343774,43.05551865352313,-300.0,6.624716181203488,4.913780027217338,03-01-06-01-01-01-09.wav,fearful,9
3.1698333333333335,0.3035143769968051,94.86180758743346,8.308739628290654,75.95699281453992,115.86912173296533,39.91212891842541,0.0011897066134109058,7.569374551637619,49.10157201306292,48.14821333955048,-300.0,8.013946434982234,6.1054953657203885,03-01-06-01-01-02-09.wav,fearful,9
3.1364791666666667,0.3064516129032258,90.19577364243409,6.2113980012911485,80.03038393538942,107.49126294519444,27.460879009805012,0.0012225887416204245,17.574651754441078,16.99922648634627,47.0783042612987,-10.26330529591813,9.140293094454584,5.90809982663443,03-01-06-01-02-01-09.wav,fearful,9
3.136458333333333,0.3258064516129032,92.50631937456454,5.473816519842691,81.06375231209074,116.99988787581451,35.93613556372377,0.0011364124110541918,11.390577672078228,23.086913492558953,44.870588687389265,-60.058030312411724,9.466471103311424,4.802908403920706,03-01-06-01-02-02-09.wav,fearful,9
3.2365625,0.309375,136.29042532393467,15.229618957381943,103.91974699192372,170.35341599200692,66.4336690000832,0.006358014746073727,32.17293820180367,15.706766253932988,63.142377201734014,7.3399637468678804,7.317869686666639,4.256019425566959,03-01-06-02-01-01-09.wav,fearful,9
3.2699375,0.2755417956656347,124.77189472010296,11.279073978430672,100.12381856230577,147.8603856273502,47.73656706504444,0.0026058943358671077,19.646758020482135,20.851936238032362,54.793989998944646,-15.674520351538224,6.392917473371553,5.195977136591646,03-01-06-02-01-02-09.wav,fearful,9
3.2365625,0.303125,168.98356642986406,21.0855110579837,128.79972018180752,221.39023196573635,92.59051178392883,0.014506933060935182,29.569841184882836,23.757781645912445,68.4461730839317,-17.17061296896921,8.46751926579104,5.026050993007457,03-01-06-02-02-01-09.wav,fearful,9
3.2365625,0.325,177.30129704442183,19.487853262241586,134.15539765736207,221.13498227847163,86.97958462110955,0.018708045016241064,35.387839090122384,20.579728948791743,72.72358210041534,4.736229180296249,10.122000911646706,4.076253192245106,03-01-06-02-02-02-09.wav,fearful,9
3.403395833333333,0.19881305637982197,138.24537969758276,119.96081527254688,75.44672316021742,492.9340547865357,417.4873316263183,0.001526380464109921,16.451650433503445,21.176544570348916,53.0796278334078,-62.85778524692114,4.711212481033495,5.493980083910482,03-01-07-01-01-01-09.wav,disgust,9
3.5035,0.2564841498559078,96.96554811672075,14.735221742162372,76.19255772990093,134.70652182557885,58.51396409567792,0.0015753176867299738,16.86112135523801,18.80555859632867,51.611084028709435,-25.300918835340816,6.534390745591021,5.264049167517701,03-01-07-01-01-02-09.wav,disgust,9
3.470125,0.2616279069767442,93.24687716306188,28.277179726180456,75.20850461084154,220.2101208155548,145.00161620471326,0.001562342229276003,15.758586877005744,21.432472863867485,48.68582539705744,-24.994882402474794,5.837447407255125,5.734849104327329,03-01-07-01-02-01-09.wav,disgust,9
3.403395833333333,0.27596439169139464,164.73198372694515,138.02217638553833,76.27612826005769,479.22711915152104,402.95099089146333,0.0025028413766002974,22.350374193922296,18.618639991477973,56.31507255513555,-28.285186546377325,7.430077140712592,3.7253167687972737,03-01-07-01-02-02-09.wav,disgust,9
3.636979166666667,0.30277777777777776,95.06041146050418,10.907972494370574,76.9890898589563,118.03176897439846,41.042679115442155,0.0025207113463461186,15.766881250375546,35.587973705572864,54.592238708598856,-300.0,7.256283991088602,5.4844770089649515,03-01-07-02-01-01-09.wav,disgust,9
3.5368541666666666,0.22,103.82673339789177,17.516547473884508,76.17346385180657,130.8641025549285,54.690638703121934,0.003198124778459882,18.52954903137895,40.64549875583092,56.85972480339659,-300.0,6.46243652351075,5.455883152353139,03-01-07-02-01-02-09.wav,disgust,9
3.5702291666666666,0.3135593220338983,101.35874792028592,15.935911111261527,77.58485722690749,132.2644733343225,54.679616107415015,0.005098813010925884,24.520193703034764,21.49100530775554,60.71091570913378,-5.4937469141414494,11.178956126481127,5.181987397821041,03-01-07-02-02-01-09.wav,disgust,9
3.6035833333333334,0.36694677871148457,102.58840384289692,12.675030271156238,76.35274409339937,124.70038845864268,48.34764436524331,0.0050670967577573466,26.060014825752766,21.0204682474766,61.002522626735505,-8.463973556184873,9.76498440346234,5.16109807102338,03-01-07-02-02-02-09.wav,disgust,9
3.069729166666667,0.28052805280528054,98.77823886845032,12.935715647760631,77.81975781358314,141.54231946507676,63.72256165149362,0.0015594542795393316,19.754533012345252,16.53831817550529,51.71510437752562,-6.698489994841632,7.71108884121065,5.764602722013584,03-01-08-01-01-01-09.wav,surprised,9
3.3366666666666664,0.30303030303030304,105.91616924968052,17.844611246583973,77.43834384869422,148.10262326082096,70.66427941212675,0.0016712333726431946,-17.694870275342673,97.52491125467847,50.44405280552296,-300.0,8.281996105416201,5.585379484027487,03-01-08-01-01-02-09.wav,surprised,9
3.4367708333333336,0.3088235294117647,102.8826738490038,18.440124410221035,76.65268857204526,149.36270166202087,72.7100130899756,0.0022942799011280287,22.85939410057739,18.749707356131545,51.29891756863123,-8.984104424530416,7.168814190624454,5.207059415228779,03-01-08-01-02-01-09.wav,surprised,9
3.43675,0.3558823529411765,97.43467051000366,13.408362523990878,74.97889575490423,130.67149049715553,55.6925947422513,0.002257291675981133,0.4352553639560222,72.0349959606649,51.65026028040924,-300.0,7.796284085236236,4.796349264816009,03-01-08-01-02-02-09.wav,surprised,9
3.3032916666666665,0.27522935779816515,137.9839362308752,35.18684069999236,77.36888902184242,198.714270100514,121.34538107867158,0.005471537327846631,19.52232038046647,23.63322369740754,66.32775505084332,-18.688079739129723,7.371361710412197,4.095640712185863,03-01-08-02-01-01-09.wav,surprised,9
3.2699375,0.28173374613003094,123.8808304162156,25.190773939907046,76.3026589284456,171.47537523369274,95.17271630524715,0.0032996364231232846,24.072743177135475,18.100100658984946,57.337761466738215,-3.27743721517019,8.065992581320922,5.24884326515969,03-01-08-02-01-02-09.wav,surprised,9
3.403395833333333,0.28486646884273,118.26594567606902,37.61613523777717,75.32151582511064,219.43358314630373,144.11206732119308,0.0030579229234492145,-10.025556418676077,98.05112006474901,56.70865010225897,-300.0,6.455410179150485,4.211410817339326,03-01-08-02-02-01-09.wav,surprised,9
3.43675,0.3029411764705882,115.34637013827533,33.39839883813443,75.3671708882676,208.0061510826316,132.638980194364,0.0032929496289167033,18.183484543696157,25.86704630641303,55.0094027686584,-37.05333111237776,7.715140623578381,4.9729109062090595,03-01-08-02-02-02-09.wav,surprised,9
3.536875,0.4057142857142857,224.84018894501156,31.731557430138178,164.83436004749723,295.4421046616293,130.60774461413206,0.015698775558593548,31.886753775269064,24.66484182454936,67.88628124996346,2.0241356538251,14.629576227934843,7.845592905201342,03-01-01-01-01-01-10.wav,neutral,10
3.8371666666666666,0.39210526315789473,213.0559375588899,31.1733968893751,156.39192460945267,287.1558148164026,130.76389020694992,0.012660020201511623,35.41095505639453,20.701549903322025,67.60212214084686,5.665941768360776,11.193691955422722,8.388166584301121,03-01-01-01-01-02-10.wav,neutral,10
3.7370625,0.41081081081081083,238.41674276862454,27.188059788683685,172.10870056902513,305.5243935127531,133.41569294372795,0.01844835067007042,36.19952720954291,23.693409685499503,69.31124383946512,-0.05716284420533745,14.90077086934411,9.062788727082994,03-01-01-01-02-01-10.wav,neutral,10
3.6703333333333332,0.38186813186813184,208.59467958371278,25.512465345632396,167.3725507824998,264.718788910946,97.3462381284462,0.012897468648197663,32.24486848491309,23.199347694411774,65.46794700167861,2.1244073968071335,14.092182203772712,8.829842555898509,03-01-01-01-02-02-10.wav,neutral,10
3.5035,0.37752161383285304,235.04148788144428,47.93042244773065,76.83372258850515,353.7224309908556,276.88870840235046,0.026589986496276603,34.09750445322536,26.087845122477805,76.53771064234499,1.208340951336452,12.429463169355882,7.282503312520616,03-01-03-01-01-01-10.wav,happy,10
3.470125,0.3691860465116279,280.87719400279275,55.09999752605801,99.78722786784972,363.8479579767115,264.0607301088618,0.0295633047459762,35.699856255519556,25.770731108778367,74.07282346508951,2.5685718386972516,12.018336891818253,7.0827212077249095,03-01-03-01-01-02-10.wav,happy,10
3.3032916666666665,0.3577981651376147,322.09574888709625,43.908481785453745,222.04133303420372,398.1845678171504,176.1432347829467,0.02692681145244236,36.05282718984844,24.569371821056322,74.07399369092802,0.2392466635015787,14.13010568257612,7.674406425762286,03-01-03-01-02-01-10.wav,happy,10
3.3366666666666664,0.3606060606060606,274.18839242900816,41.31684084324622,181.10476037059377,338.2914986370026,157.1867382664088,0.029509117454289552,36.59897370188297,24.767327932049465,72.79505163903997,2.3653008484819065,11.014546681899343,6.4416486407468545,03-01-03-01-02-02-10.wav,happy,10
3.8371666666666666,0.4105263157894737,365.0629634406588,87.5628353241144,89.3247524050246,486.61138803421113,397.28663562918655,0.09681727510063765,48.39684881107201,25.559594678086906,83.59447277547332,4.342816403744721,12.743414711898637,7.590174213205582,03-01-03-02-01-01-10.wav,happy,10
3.5035,0.37175792507204614,389.55928182720766,88.33505453652475,117.26759801175102,486.8247547274624,369.55715671571136,0.0921102111959769,43.6762249260506,28.345394423425542,84.73044789231199,2.795316990837465,13.273240181330177,7.650417341701751,03-01-03-02-01-02-10.wav,happy,10
3.7370625,0.3675675675675676,429.95708555274916,76.7867900873397,245.1979240982864,524.3132960760453,279.11537197775885,0.12326709983408464,47.27588274997516,26.915321639770116,87.64175783223988,2.920248549635007,12.497554341838892,6.916569538001275,03-01-03-02-02-01-10.wav,happy,10
3.970645833333333,0.39847715736040606,374.61460702441775,93.51883581252143,134.08657252275438,561.0755948166682,426.98902229391376,0.10452276195450388,43.44518328792604,30.155875671045184,85.07913561903956,1.6224029848259214,11.14401231163251,6.316177423703692,03-01-03-02-02-02-10.wav,happy,10
3.3032916666666665,0.37003058103975534,206.16193489214353,33.97251235281929,97.22449035926851,324.35662185536927,227.13213149610075,0.00831079884281874,28.321600210871694,22.27597072643547,63.765423724801984,0.48468876339221817,13.69308511586036,7.560532005296345,03-01-04-01-01-01-10.wav,sad,10
3.470125,0.3546511627906977,187.80850992034047,15.904579699973153,166.08017239088164,236.83888165180014,70.7587092609185,0.007007088129024644,30.60763842171979,19.360309184159068,62.14389905874402,2.3809135667228163,10.378269530555684,7.892118212234239,03-01-04-01-01-02-10.wav,sad,10
3.536875,0.34,211.09531318518768,18.168777137245044,156.7306702419459,252.471460948487,95.7407907065411,0.009113578694113706,30.741328655252442,21.283048370016964,63.85399377019155,3.9043427673337243,12.826958345017443,9.036229883594952,03-01-04-01-02-01-10.wav,sad,10
3.8037916666666667,0.34748010610079577,188.4807780506378,20.052328026368272,75.91527936950598,238.6874399779917,162.7721606084857,0.007374538884155909,29.266156681671827,20.971277339101768,62.88826213113108,1.7758569492158627,11.120621581478057,7.050721885554461,03-01-04-01-02-02-10.wav,sad,10
3.5035,0.3659942363112392,234.0916243735743,65.20910825727886,96.57847811796434,553.6965542230046,457.11807610504025,0.020786706397196774,36.29125573997963,23.850923101190354,71.50001293119816,0.4782997032037881,12.782229789076801,7.278915871193519,03-01-04-02-01-01-10.wav,sad,10
3.5702291666666666,0.3361581920903955,231.97535031667132,34.61108258160708,176.93960135166816,342.8307520233479,165.89115067167972,0.011361731217894227,35.43345379843258,19.771676017766982,64.67675766417645,1.3475083043689462,10.645052011296656,8.798579751777641,03-01-04-02-01-02-10.wav,sad,10
3.6703333333333332,0.3021978021978022,198.10168991439204,51.14429651744228,95.57958173511273,530.3004028203086,434.7208210851959,0.009061827720886585,30.355860652541885,21.14499647747449,65.72573258429595,2.4145912749783456,8.492772023454064,7.767192172407301,03-01-04-02-02-01-10.wav,sad,10
3.5702291666666666,0.3531073446327684,207.84323901180238,34.24126781497365,92.2925667159995,280.1614781724411,187.8689114564416,0.011487554088783367,31.910576110935402,22.28626076765389,67.40125039302745,2.169055834397241,12.58605126074195,7.203720191228884,03-01-04-02-02-02-10.wav,sad,10
3.9038958333333333,0.4108527131782946,185.38963154939816,24.324327746113617,150.17243698610577,267.1622961104991,116.98985912439332,0.015144294914269206,38.64516290321453,18.7322676958271,68.45991234081075,9.063200797336554,10.41750038801251,7.592503912266975,03-01-05-01-01-01-10.wav,angry,10
4.004,0.37279596977329976,247.9142670870112,67.88881777945778,79.20925659135956,415.6026072497641,336.39335065840453,0.028421674904271943,40.54889110696662,23.72296666240501,72.97330038453042,3.83426213595669,9.75165761360247,7.719521552358644,03-01-05-01-01-02-10.wav,angry,10
4.104104166666667,0.3808353808353808,205.88191691287844,25.79392962477571,150.68621978189796,273.46654342243545,122.78032364053749,0.022467183867536378,38.06759928474144,24.472512184962568,71.30038139953133,2.3062780854400926,10.11124148017867,7.400952296270993,03-01-05-01-02-01-10.wav,angry,10
4.137479166666667,0.4073170731707317,204.58073421512432,27.702890028078887,86.8918530042308,264.0118012028869,177.1199481986561,0.023496279051334296,39.39308640884957,23.804529653024908,71.63945308986571,7.229602003764994,10.13075707846742,7.4749584433868455,03-01-05-01-02-02-10.wav,angry,10
4.170833333333333,0.37922705314009664,282.8357307254334,50.05325155946443,197.4469190385459,422.21284289203237,224.76592385348647,0.08824085585441827,44.379270678092325,27.652638513239964,88.25734065642705,4.033779183406455,11.64439630903967,7.0128013853302145,03-01-05-02-01-01-10.wav,angry,10
4.471125,0.40765765765765766,339.18632947304076,83.58041282657219,126.89661414188674,487.4984732067458,360.60185906485907,0.09346677821399242,46.545512643629436,27.400044541458772,85.08381505766293,7.74479080795147,10.887682730673962,6.84684483591926,03-01-05-02-01-02-10.wav,angry,10
3.8705208333333334,0.3255208333333333,337.24637107586364,86.53759734854252,156.59404578278912,469.4193297684887,312.82528398569957,0.0954738478834929,44.684632693059974,26.936103903848323,83.78244018534485,3.3186307327098588,11.01209387751373,6.156553370681636,03-01-05-02-02-01-10.wav,angry,10
4.137458333333333,0.4146341463414634,292.7378824204531,68.00651125016412,116.4255990377563,506.9590733108116,390.53347427305533,0.09222173651282761,45.017921029808804,29.564764335538587,82.80079176611908,1.773358107684069,12.517118121126053,6.195681866243817,03-01-05-02-02-02-10.wav,angry,10
3.4034166666666668,0.3293768545994065,259.97449384696296,27.924531854852408,195.23309685006691,331.6694008155154,136.4363039654485,0.017813671999279263,35.05224473816938,21.448860368002922,69.52767905321586,2.8718523588585896,11.209643902610287,7.822071518850486,03-01-06-01-01-01-10.wav,fearful,10
3.3033125,0.2966360856269113,219.33554927681914,22.339752831529115,191.98912686415048,284.11464883233884,92.12552196818837,0.008937446182389666,27.996293682059058,21.798350629611438,63.21370241855975,0.19692814454070565,10.050201493297829,7.548184834293638,03-01-06-01-01-02-10.wav,fearful,10
3.5368541666666666,0.37142857142857144,256.2078029963146,26.28734309647083,193.60003511638692,308.8504591500569,115.25042403366999,0.012529045611579213,32.398571902162516,23.168094730929933,66.03367505793744,1.7820422589539622,13.064742531853527,9.550246860430027,03-01-06-01-02-01-10.wav,fearful,10
3.4367708333333336,0.3558823529411765,215.7111785719363,19.373048656879018,170.76934743122436,254.12017200421755,83.35082457299319,0.01246132471058943,30.728000516033003,23.366248546705734,66.56365792764109,0.7714318112621508,11.429778939979016,8.002527098616339,03-01-06-01-02-02-10.wav,fearful,10
3.5035,0.3371757925072046,299.60103060336945,46.19351845651222,185.12760814639495,384.4862093211836,199.35860117478865,0.04180231715818485,39.69514552407758,25.536822302373956,78.63782061688441,2.8198406048475144,10.039381659249067,7.344020007391773,03-01-06-02-01-01-10.wav,fearful,10
3.703708333333333,0.3678474114441417,315.41693528111887,36.93203608738159,234.44356133879427,378.44011687845904,143.99655553966477,0.0360199001546767,38.3883816206497,25.82512213744925,76.56166433363285,1.2293824213392537,12.519214107282078,7.521473820622911,03-01-06-02-01-02-10.wav,fearful,10
3.8037916666666667,0.41644562334217505,306.98016277626886,59.71980788174579,77.13792268551524,389.9407136201115,312.80279093459626,0.04315506689664276,41.823396547038406,25.45361447491885,76.9230037263322,5.334103489336382,12.994249564423475,8.473370298426161,03-01-06-02-02-01-10.wav,fearful,10
3.8705416666666665,0.4140625,280.0244878856975,42.88723871046148,205.0934230858684,377.3573244753505,172.26390138948207,0.020988846636675197,35.75556240710284,25.292372696225797,71.10736848707683,2.279381312887067,13.055520020307052,7.900832163012778,03-01-06-02-02-02-10.wav,fearful,10
3.703708333333333,0.38419618528610355,192.10407295698528,15.562230462372792,171.01620064669433,247.30478846394777,76.28858781725344,0.00972296194521347,30.737112563615792,22.616763956974168,62.82350765143151,1.15110104048358,12.411122934513726,8.124346401971202,03-01-07-01-01-01-10.wav,disgust,10
4.2041875,0.41007194244604317,202.79287030196653,34.65476947605542,136.75032449311269,285.1698460978467,148.419521604734,0.010510361874640651,33.84821078618404,21.22696627446388,63.538627308794446,1.9927514891440419,13.07248570603042,8.548322605477326,03-01-07-01-01-02-10.wav,disgust,10
3.8705416666666665,0.3932291666666667,173.3288132448077,17.02695642275823,147.8358891923822,234.20937379605977,86.37348460367755,0.009562808470754367,33.61802244230003,20.85669749421242,66.68388599515616,1.6642170882333365,10.75722542226854,7.5705742818647686,03-01-07-01-02-01-10.wav,disgust,10
4.2709375,0.33490566037735847,220.04359255542767,31.251341913009135,161.593252404478,282.0678381808624,120.4745857763844,0.014425875133959177,37.669370999352246,21.26714171585875,67.31744614366066,2.3500177281091243,9.147686580693863,7.926695341624796,03-01-07-01-02-02-10.wav,disgust,10
4.671333333333333,0.40086206896551724,268.60876482001834,71.58873668125372,159.0292989144768,391.34625192722064,232.31695301274382,0.0332850709544052,42.84057701856857,23.143645940509852,75.31400359700382,2.201301581193184,11.68598290442182,7.068720741164617,03-01-07-02-01-01-10.wav,disgust,10
4.537875,0.46,265.1951081974801,46.942934754668656,176.8765986004109,357.08728023647984,180.21068163606895,0.03655510136276389,45.24881871239061,23.47690679214871,76.99852962773258,3.380578823894767,11.816454115768392,7.615436437445458,03-01-07-02-01-02-10.wav,disgust,10
4.2041875,0.4580335731414868,269.91931937355577,36.3881017500417,201.44676968510296,341.2825130292961,139.83574334419316,0.03051772395039156,40.945412847163105,25.67119867917039,72.68213967893846,0.13229659412703806,13.467832388419186,8.1435322949399,03-01-07-02-02-01-10.wav,disgust,10
4.871541666666666,0.49793388429752067,279.4436201011474,51.4005864155659,196.62147331226814,374.8382334791179,178.21676016684975,0.03992130126739104,45.75221600626341,25.061218063421233,75.21533792524578,2.555287499854649,12.66393322752743,7.830347895906514,03-01-07-02-02-02-10.wav,disgust,10
3.2365625,0.30625,267.4588724472723,59.491741456797094,169.65347950113218,401.3619694778834,231.70848997675122,0.01721586758421533,31.829695922282646,23.47903596538236,69.61433519261921,1.1441750622206541,9.797636812087774,7.355664175117467,03-01-08-01-01-01-10.wav,surprised,10
3.4034166666666668,0.314540059347181,228.81118489415996,38.82136053023952,165.28835472597996,331.74344956538954,166.45509483940958,0.015253022522865901,32.106950754290665,22.729576910785944,67.98775263429545,2.869532351047133,9.866999713214797,7.047682920102501,03-01-08-01-01-02-10.wav,surprised,10
3.5035,0.3631123919308357,257.1699963696764,45.11002268050271,78.16325999750767,353.27168007196275,275.10842007445507,0.03269927528843429,34.799588621247906,27.98391078463256,73.54979608565228,0.970063608380656,10.03756781907761,7.255408065168887,03-01-08-01-02-01-10.wav,surprised,10
3.470125,0.3546511627906977,241.32040722286055,45.39958210012874,165.3190441123033,345.4211247529716,180.1020806406683,0.017147921005728883,32.38777550739243,24.758042803496455,68.24201628982257,2.5794821296411907,10.67815106885738,7.455404805153992,03-01-08-01-02-02-10.wav,surprised,10
3.5035,0.3400576368876081,267.3042529115331,56.451282048686686,75.00445875277649,372.83711023504685,297.83265148227036,0.03676267169783793,36.86565893762263,26.324774042228047,76.17408693817578,2.853419997901729,10.431895898315139,7.6740449072473345,03-01-08-02-01-01-10.wav,surprised,10
3.403395833333333,0.3560830860534125,339.0925142629925,62.99042054959874,189.1977848117015,504.1109083960879,314.9131235843864,0.0442314607015129,35.33136065753997,27.842352919929215,76.93255527780315,3.1330550157547776,13.339210192251766,7.905174272533022,03-01-08-02-01-02-10.wav,surprised,10
3.6369583333333333,0.37777777777777777,332.68101005460045,75.66602064825395,166.23833308965249,459.36581032348016,293.1274772338277,0.057395076421477696,38.25720591837605,29.037715838332037,79.35726889231003,1.7054405388473142,11.743835361107331,8.96369352937699,03-01-08-02-02-01-10.wav,surprised,10
3.5035,0.3688760806916426,287.9235321394029,52.40510483640423,98.55241759382156,390.90832131498104,292.3559037211595,0.04662944801346205,40.66921010379905,26.406939408487105,77.93766393376062,1.0816783734435533,10.446319593903818,7.786613923228627,03-01-08-02-02-02-10.wav,surprised,10
3.1364791666666667,0.3258064516129032,109.09537374016287,19.201076496742694,77.01697988282346,144.69853177888888,67.68155189606541,0.003030577170153603,21.532273802880226,19.862512442546397,55.630024460066764,-11.542046518161118,8.770747773208832,6.625354920672042,03-01-01-01-01-01-11.wav,neutral,11
3.1031041666666668,0.34201954397394135,123.23559658132349,13.423157855795523,88.7204566804276,145.09589360705232,56.375436926624715,0.004190650987488037,23.30526552195582,21.164814870915468,56.06632980705119,-17.68524964924104,9.85583894878175,6.954286244791065,03-01-01-01-01-02-11.wav,neutral,11
3.2032083333333334,0.334384858044164,110.73613604226392,15.135220299924084,75.87353601021054,142.72472129962526,66.85118528941472,0.0036478229577126915,22.723805117866213,21.283896522108055,54.48997112805542,-18.27065037648061,9.048522737843136,7.012544652423679,03-01-01-01-02-01-11.wav,neutral,11
3.1698333333333335,0.35782747603833864,109.88076484985858,14.503585478289923,79.91804049074096,141.9491541041213,62.03111361338034,0.0036241794204412694,27.245888043542664,18.301182565356164,54.48349931231432,-9.256829002897934,8.581700390268134,6.683537247715572,03-01-01-01-02-02-11.wav,neutral,11
3.1031041666666668,0.3355048859934853,161.13350118771032,26.641048730316914,76.06167342000981,222.34573043928867,146.28405701927886,0.006058479679533996,24.245702069658,21.140399387128422,60.01686893325819,-1.1837739148904534,10.38893645364198,6.894311982022087,03-01-03-01-01-01-11.wav,happy,11
3.2032083333333334,0.3753943217665615,132.5465276699284,27.98655641551185,88.15871627351474,181.61365890969762,93.45494263618288,0.005986357332801564,25.349500237690695,22.268859724165747,60.41201525626181,-2.6822593185763473,9.208116989308936,6.3364537725449255,03-01-03-01-01-02-11.wav,happy,11
3.1698333333333335,0.33865814696485624,129.71458947776642,18.222709039586203,90.59322557487597,162.619718932411,72.02649335753502,0.006297888840017635,25.670484116353055,21.95373709966293,60.52555166091099,-4.971341933126543,9.459216835599754,5.4382225500456665,03-01-03-01-02-01-11.wav,happy,11
3.2365833333333334,0.3375,134.75280690199205,28.64864117049707,76.31582412558154,187.25938171644032,110.94355759085877,0.007344672972405416,25.24930382315402,23.62395710983479,62.55305478053618,-7.140818936514766,9.23926312065642,5.491607175011643,03-01-03-01-02-02-11.wav,happy,11
4.037375,0.405,196.95887784434234,39.916632677118415,112.71132520419263,271.77411510345354,159.0627898992609,0.026444597200152426,37.568829347536955,24.821296504328295,75.53288037441602,-11.234086579246362,11.154265578643196,5.815445876591531,03-01-03-02-01-01-11.wav,happy,11
3.636979166666667,0.36944444444444446,199.9752607027583,46.17765671058418,112.04313062136278,387.5022886542003,275.45915803283754,0.029264147779413493,37.49273159571067,23.99885035959785,76.5569630293458,-4.599419204630014,11.612223184733766,6.155040001482023,03-01-03-02-01-02-11.wav,happy,11
3.8705208333333334,0.4348958333333333,198.56515583021343,33.973698091813525,113.12526264863114,331.6088359358814,218.4835732872503,0.027345508739401645,37.24027619406257,26.352849421495446,72.48959310889663,-5.510614125643285,12.253502975769155,8.370058356378303,03-01-03-02-02-01-11.wav,happy,11
3.5035,0.3631123919308357,175.36190857310166,28.287945743613125,110.4872451992251,224.2918426475687,113.8045974483436,0.02527458502262414,31.488535577700375,27.5647211148193,75.02954776665038,-6.066670913145273,10.995613333143696,6.66347391866358,03-01-03-02-02-02-11.wav,happy,11
3.3366666666666664,0.3424242424242424,124.21793721356495,13.360552456598919,101.86652506324079,161.07854757269638,59.21202250945559,0.0030968671558204816,23.03290670454939,19.175216127357285,56.16809966170305,-4.393408256593312,9.03774971865347,6.533137729042266,03-01-04-01-01-01-11.wav,sad,11
3.6036041666666665,0.3585434173669468,134.99032385434361,99.45394481074337,79.41562610942476,599.8889054711791,520.4732793617543,0.002633933386192958,24.83315021543529,19.30667301716741,54.6511628173132,-13.449067711720025,8.590513858505114,6.779486232314526,03-01-04-01-01-02-11.wav,sad,11
3.5368541666666666,0.35714285714285715,117.33250331909156,13.60600230951114,79.85849344490336,145.94062325290002,66.08212980799667,0.0034389913635664935,23.6355205627205,20.91667420718005,56.295962355247504,-13.509277943452197,9.516124276305083,7.071963376460443,03-01-04-01-02-01-11.wav,sad,11
3.4367708333333336,0.36176470588235293,114.37591108088648,13.841222630806188,84.41938057140707,147.3944878458933,62.975107274486234,0.0040895947414712865,23.43927219350086,21.773186243386533,56.214811522723586,-7.917235906929575,10.097439766601155,6.471162840128219,03-01-04-01-02-02-11.wav,sad,11
3.3366666666666664,0.34545454545454546,176.1785739374654,39.82908889416171,101.74241652410491,292.3350618749001,190.59264535079518,0.01023989383968251,26.00871748990043,25.260119926919174,66.75193824165254,-11.812285110892425,11.251417610357004,6.352826499291009,03-01-04-02-01-01-11.wav,sad,11
3.6036041666666665,0.38935574229691877,193.11305703314287,58.80187337217881,139.75597970118898,579.1459558409347,439.3899761397457,0.015088828475001481,35.82569345849658,22.221384994482555,69.0321852164017,-1.3210811644988243,13.03951508673628,6.347774247008618,03-01-04-02-01-02-11.wav,sad,11
3.370041666666667,0.3712574850299401,180.30756465486652,24.29514140390772,127.17474074090639,242.26527706937867,115.09053632847228,0.014928781541689166,29.976643209127595,26.170461620673493,68.15100304966082,-8.235165683470754,10.68374098368905,5.933427247020196,03-01-04-02-02-01-11.wav,sad,11
3.3366666666666664,0.32727272727272727,185.35589479153606,34.24133604120522,108.73532966159503,254.2084621139986,145.47313245240355,0.015684431413612327,34.294251363639205,22.588454868553203,71.21276467784232,-6.536435369240118,9.907991603490549,5.94896902226605,03-01-04-02-02-02-11.wav,sad,11
3.6036041666666665,0.34173669467787116,161.85981431763005,38.21612049488708,80.98204036883409,253.28006473036493,172.29802436153085,0.014324664007397318,31.710519889377323,24.491826146306554,69.49221984166297,-0.6022456018379038,8.413263976837351,6.774733186652522,03-01-05-01-01-01-11.wav,angry,11
3.4701458333333335,0.3168604651162791,143.8204166135306,42.78886772995936,80.505804966151,313.6268594263317,233.1210544601807,0.00936191257343497,28.039102455495517,24.211660211525256,66.32939435302238,-6.156444358649843,7.08731930902628,6.601450667528508,03-01-05-01-01-02-11.wav,angry,11
3.470125,0.3546511627906977,176.0535818435486,29.08439773734458,101.62980390184548,225.7947374242717,124.16493352242621,0.020297170943027482,32.07801777555312,26.284606862784493,70.44020104726661,-5.842640229232517,9.591458332551625,7.072863163871686,03-01-05-01-02-01-11.wav,angry,11
3.7370833333333335,0.3972972972972973,162.04127838764407,33.4650446521797,87.02838873836897,215.26037253278847,128.23198379441948,0.01795059210626008,34.19817081818906,25.300944986404726,70.70209876452068,-4.608955154114202,9.221616185086841,6.260209693910222,03-01-05-01-02-02-11.wav,angry,11
3.536875,0.36,214.1701519756175,48.08109398373874,132.56381359900462,401.8213527626635,269.25753916365886,0.038400377356253436,34.91337332835766,29.499346516257475,78.64622208808137,-17.092935333095713,10.025559798115363,6.68380417391317,03-01-05-02-01-01-11.wav,angry,11
3.970625,0.4010152284263959,297.9236733611673,81.20425873818812,160.4952169732525,588.3223560804842,427.8271391072317,0.08181121187671342,42.554215024289626,30.26591345400659,82.6759372295546,-11.656412308920673,10.086116240694423,6.644654862446307,03-01-05-02-01-02-11.wav,angry,11
3.9372708333333333,0.37948717948717947,243.0077654069361,42.25012143097156,159.4177610944464,353.0177848162691,193.6000237218227,0.07881652271732466,47.66787403145284,24.79275286997624,83.85267893283401,6.785325342738357,8.11553828034492,5.8434733166151815,03-01-05-02-02-01-11.wav,angry,11
3.7704375,0.4197860962566845,292.2522586900092,53.91525494203429,138.21921820029667,379.00774994907033,240.78853174877366,0.10427530259901267,45.715946255155046,28.853853145083143,86.6560075889179,1.233105311274433,9.956354907130583,6.046940910325366,03-01-05-02-02-02-11.wav,angry,11
3.470125,0.313953488372093,145.58233687106977,59.4471268589991,76.32863483488539,585.0339851740982,508.7053503392128,0.005220492560326928,25.849057662568534,21.721275434697162,58.00854588850289,-4.519735590790458,7.768970550156689,6.837880329524758,03-01-06-01-01-01-11.wav,fearful,11
3.5035,0.345821325648415,155.97201929388328,74.210730151996,76.45558474166221,590.7146794361772,514.259094694515,0.007577329094478366,27.2891072408805,23.67741692801603,62.58149360170552,-7.25816305399413,8.533693161313462,6.672537726481741,03-01-06-01-01-02-11.wav,fearful,11
3.1698333333333335,0.3226837060702875,155.45919768067196,26.014685084872305,75.91712731014333,191.69413317254202,115.7770058623987,0.01048780146442499,27.593851314942903,24.418376812326418,64.3742998364457,-6.123101840786122,9.618867974829069,7.183937470139165,03-01-06-01-02-01-11.wav,fearful,11
3.2032083333333334,0.3438485804416404,148.98288448396758,18.631073464886658,109.05541849474115,186.05273870673864,76.99732021199749,0.01065813000100649,27.559110267267215,24.403240253178176,66.0468695006352,-7.640785221175776,10.127585409931484,6.758870937407575,03-01-06-01-02-02-11.wav,fearful,11
3.2032083333333334,0.3217665615141956,217.69459604935787,18.797869126654422,167.14753227609899,272.4501346395744,105.30260236347542,0.03545722102182247,35.55646303499609,25.676538869162307,75.1779494937357,-4.327091438446679,10.797960029168292,6.678508496856453,03-01-06-02-01-01-11.wav,fearful,11
3.2032083333333334,0.3470031545741325,245.80065493319103,31.285625211872542,141.02492860327817,300.5674068165626,159.54247821328443,0.042610914045430416,38.40718587434709,24.64353098511794,78.97317350838054,0.35268908560313117,11.410528173593933,6.847811491097855,03-01-06-02-01-02-11.wav,fearful,11
3.06975,0.3234323432343234,254.5774167005275,38.80539557906212,141.91369073954388,327.64456751666864,185.73087677712476,0.04965942976849828,37.95448272387855,26.847390485494717,79.64254380333566,-11.751990838116239,9.872089874589788,6.9595578572760575,03-01-06-02-02-01-11.wav,fearful,11
3.136458333333333,0.3225806451612903,263.2852499351066,32.9795699056896,154.99917557731536,326.1095000367616,171.11032445944622,0.05136787116603167,41.429283829939465,24.978325321263334,79.27303354547632,1.7943257860491348,9.674301442642662,6.493374506204974,03-01-06-02-02-02-11.wav,fearful,11
3.6703333333333332,0.3324175824175824,150.63718325574132,26.873551829091898,111.77970131224374,217.29519042592366,105.51548911367992,0.006871166891632516,27.237775497976923,22.580776504688988,63.13216157998741,-13.327552011784345,10.007905208006566,7.238104805929153,03-01-07-01-01-01-11.wav,disgust,11
3.6036041666666665,0.3585434173669468,152.372140643808,29.490333296539173,76.45012708245598,224.0771276296725,147.62700054721654,0.009336401139603847,27.063799265686104,24.676895746717303,64.08133952851253,-17.179486771775696,10.6260424373654,6.653565379149891,03-01-07-01-01-02-11.wav,disgust,11
3.470125,0.3313953488372093,135.281747737886,20.76217590926961,77.70849068234915,174.47111122925992,96.76262054691077,0.007892179255935642,26.365027023484892,23.803307028777326,64.42258856708933,-6.643521889625033,9.406821924733956,6.885769905815359,03-01-07-01-02-01-11.wav,disgust,11
3.6703333333333332,0.3956043956043956,135.09255413413933,19.80375292619161,75.13738799842342,173.49785979164923,98.36047179322581,0.009984000657950463,29.224323377149265,24.765111320058786,66.82624955012733,-13.789687390530323,9.34075232725346,6.559162300627485,03-01-07-01-02-02-11.wav,disgust,11
3.8038125,0.35543766578249336,167.9522429885766,62.40707346946672,77.35464465548993,523.4452338985166,446.0905892430266,0.010991446938103987,32.074945307584215,23.049028173487407,67.8362570919011,-6.5064140791223,8.179768860607675,6.890644412399275,03-01-07-02-01-01-11.wav,disgust,11
3.8038125,0.33156498673740054,146.43496947722917,23.032605608512345,99.53339789681328,207.69866310204023,108.16526520522694,0.009002168561439173,35.50367343657596,20.711675268221484,62.00524996203056,-7.438931659390333,8.334164753420607,8.035999687801784,03-01-07-02-01-02-11.wav,disgust,11
3.7370625,0.41621621621621624,142.4010647796901,19.038831526876322,78.9741035201746,193.91216102896075,114.93805750878616,0.009903467806458423,31.567111447446173,24.996429100908262,63.277057892627894,-10.34115851403075,9.518529191983836,6.363672268822034,03-01-07-02-02-01-11.wav,disgust,11
3.7370625,0.4189189189189189,147.97167544784736,22.440440060812165,96.90250391716103,192.91352916893987,96.01102525177885,0.01313906317425438,32.361815740647785,25.020577922154782,68.35615337821766,-5.255858700213938,8.980534670888451,6.954911507472906,03-01-07-02-02-02-11.wav,disgust,11
3.069729166666667,0.29042904290429045,235.9540540989624,60.76003108591002,79.30823132825952,349.0167991991453,269.70856787088576,0.00618534691239063,22.777738549847832,21.93688128803218,60.46389667727552,-4.547692781136902,10.454682130726,6.855971283747453,03-01-08-01-01-01-11.wav,surprised,11
3.136458333333333,0.2903225806451613,256.6873841695412,48.861471873609844,79.79800465633295,358.8661914064508,279.0681867501179,0.008982695448470517,23.487997305529984,24.433125603773842,66.19037285814923,-26.105645124592378,11.636304544506162,7.935236761873547,03-01-08-01-01-02-11.wav,surprised,11
3.1698333333333335,0.3194888178913738,190.82137284953157,33.278735792768764,95.56926125037118,240.58862164485217,145.019360394481,0.015515560412090857,29.653531744901986,23.993351241775645,69.07140770915836,-5.716986179920076,9.00268493614918,7.235910469269895,03-01-08-01-02-01-11.wav,surprised,11
2.969625,0.29692832764505117,237.38500155646702,43.62227278916566,109.56438356905568,300.667640373661,191.10325680460534,0.012684481683494588,30.107941916219406,22.325581242342295,66.55014859420054,-2.5037066860226345,11.448663603296742,7.669089137116029,03-01-08-01-02-02-11.wav,surprised,11
3.069729166666667,0.29372937293729373,255.18686235864644,43.66306442052387,79.02654808860834,344.5283432792002,265.5017951905919,0.012016666584753538,27.654227496979285,23.42485939498431,66.40175471607915,-5.946982681723849,10.533426132069714,7.546572185733165,03-01-08-02-01-01-11.wav,surprised,11
3.1031041666666668,0.30618892508143325,280.09260019699144,36.39788949792072,198.97410316890404,347.46314996451935,148.4890467956153,0.020559532005249678,31.967752449241885,25.993060698626085,73.63281954346802,-11.664332638122437,9.856516151592913,6.728986710905963,03-01-08-02-01-02-11.wav,surprised,11
3.069729166666667,0.264026402640264,269.9427797146542,51.39206832993644,205.8332632157315,363.81980276691615,157.98653955118465,0.020254486858177875,30.73336112197814,25.410387446201252,70.11754957466495,-7.038760719097922,9.01266876954763,8.211169606465635,03-01-08-02-02-01-11.wav,surprised,11
3.069729166666667,0.27722772277227725,267.5125294330434,50.86875566038824,80.33823006915625,333.3071028536775,252.96887278452127,0.020051324345644796,30.710814273575483,25.823735385990513,72.44674691905085,-11.592306914286024,9.906715484524497,8.373618645099377,03-01-08-02-02-02-11.wav,surprised,11
3.6369583333333333,0.3972222222222222,207.80670164376122,30.11913384655931,156.1698945695727,267.4375985729652,111.26770400339251,0.004222379743039628,10.20072613532065,65.18704827042043,57.580032696163755,-300.0,13.924460556776884,6.922207600585853,03-01-01-01-01-01-12.wav,neutral,12
3.536875,0.3942857142857143,201.450012098415,28.27691504687905,157.9640286312304,263.48791090444564,105.52388227321524,0.004007375498968076,20.66829173514287,25.336200513495147,55.9348726450428,-34.02494171678731,13.770381914305274,7.789009841496296,03-01-01-01-01-02-12.wav,neutral,12
3.6036041666666665,0.41456582633053224,196.52754498498314,26.400691947427294,156.87507875464797,262.8952467028436,106.02016794819565,0.005489271413541269,24.684528553288363,25.10581517898836,57.91967226534883,-42.18319654677647,13.68686258060635,7.115975467397942,03-01-01-01-02-01-12.wav,neutral,12
3.636979166666667,0.4,192.99179351729273,23.058244574232614,158.8032774083284,251.1779501308642,92.37467272253579,0.004765362471044963,23.02942767488543,26.15446174869491,56.390027803224655,-35.98989900195649,13.902405054327884,8.017456207307001,03-01-01-01-02-02-12.wav,neutral,12
3.703708333333333,0.39509536784741145,222.52566345541848,43.06945368890221,149.13056955702706,318.1814287946879,169.05085923766086,0.010019498276272082,17.826475043783557,61.49855652755949,64.70370921592146,-300.0,12.965598432646651,6.168862371021076,03-01-03-01-01-01-12.wav,happy,12
3.7370625,0.40540540540540543,219.8749315279915,47.010503151894454,150.64410031153258,314.13852876675276,163.49442845522017,0.010531372197953196,28.076264249445558,26.081145271562615,63.281340552433434,-23.712757481240278,11.800229867130822,5.890220354889031,03-01-03-01-01-02-12.wav,happy,12
3.5035,0.36023054755043227,220.22800575671664,41.258121765505635,148.10008630532332,304.8018422585782,156.70175595325486,0.009664666426463447,13.514754309683003,72.5636465521846,63.36280626340443,-300.0,9.863927311372573,7.088875367962594,03-01-03-01-02-01-12.wav,happy,12
3.7370833333333335,0.41621621621621624,207.7285286694309,33.87330517227494,151.61935642736745,279.7360213036485,128.11666487628105,0.011676528382498096,26.302296511707645,43.05969431421574,64.06116884102482,-300.0,12.629810213845662,5.778481513921841,03-01-03-01-02-02-12.wav,happy,12
4.204208333333334,0.3645083932853717,336.21180365693823,84.2052603992947,190.6490030933705,518.0546299014829,327.4056268081124,0.0405723175909811,31.913199089914084,41.94331976207578,77.12924322946272,-300.0,11.002089233789725,5.898427070975671,03-01-03-02-01-01-12.wav,happy,12
4.137458333333333,0.37317073170731707,326.7012726505102,63.167992185238504,196.30241584028988,426.01594584935964,229.71353000906976,0.03678407250828584,29.54551819148133,48.11841228591793,78.52241608137393,-300.0,12.960499872305029,5.732952845585573,03-01-03-02-01-02-12.wav,happy,12
3.9039166666666665,0.39276485788113696,262.9874941514719,47.920866728243745,152.79827176095193,346.8246791794262,194.02640741847426,0.02002614049992871,25.21064702982738,51.14813256915856,71.24683464348989,-300.0,12.622033017115418,5.412021554499266,03-01-03-02-02-01-12.wav,happy,12
3.970625,0.4137055837563452,389.56306291686394,86.89938947595839,224.2136304384627,599.7941755332084,375.58054509474573,0.04274848648093157,35.21681359822152,36.24238166888357,77.91089600574095,-300.0,12.92384654893801,5.914920618179833,03-01-03-02-02-02-12.wav,happy,12
3.6703333333333332,0.39285714285714285,237.96495630863348,33.325036334558725,186.81875604092397,331.74519080551045,144.92643476458647,0.00849521250353463,27.04618039370473,24.5183969029252,64.74880665307192,-17.182796712681426,14.042524861795366,6.591421914459403,03-01-04-01-01-01-12.wav,sad,12
3.6035833333333334,0.4117647058823529,228.24292816801582,32.753379676168265,175.66695204960513,333.56189450467986,157.89494245507473,0.007609922402465232,30.286394965819976,21.648139144671855,62.98680942105725,-16.214540891874123,14.797331824264988,6.027904442888879,03-01-04-01-01-02-12.wav,sad,12
3.6703333333333332,0.3956043956043956,218.90590611710002,24.440165527933793,169.48027529504333,255.47209730016675,85.99182200512342,0.005372288170137544,23.830122745934823,24.592805240815675,60.15055728170975,-27.545746078952448,13.861104087020387,7.870751542749846,03-01-04-01-02-01-12.wav,sad,12
3.5702291666666666,0.3615819209039548,230.03397521723556,25.870084366623082,189.4431570112426,296.4782228302648,107.03506581902224,0.007070566541535807,27.040229940452786,23.674927968085495,59.065538733624976,-12.203976175994365,12.191286286940391,8.502520304243895,03-01-04-01-02-02-12.wav,sad,12
3.8705208333333334,0.3880208333333333,353.2411611825909,49.96993542727252,249.5946271794174,469.60508895108126,220.01046177166387,0.022869197288753938,36.3645636369834,23.02622524964016,71.70799860191151,3.4122718149566147,13.529149940127429,6.8022769334410365,03-01-04-02-01-01-12.wav,sad,12
3.7704375,0.3877005347593583,391.09511963747985,61.39705911937938,202.18544765084795,510.9408172501754,308.7553695993275,0.03208064471058077,34.789734758846926,28.81129321986985,75.06554201336563,-47.326562677671085,12.500075322104616,6.936213302156926,03-01-04-02-01-02-12.wav,sad,12
3.8037916666666667,0.3925729442970822,327.27418532174477,39.31336753661363,245.65466949601924,404.5785518970984,158.92388240107917,0.023990215440754293,35.95711260302649,27.454187139722524,74.28968472345443,-15.404487952709571,13.330503503246929,7.819747115967888,03-01-04-02-02-01-12.wav,sad,12
3.8705416666666665,0.4010416666666667,379.0226968505985,51.02265921166157,253.91251118564173,502.8261317466177,248.91362056097597,0.03877789799975187,32.67543960717842,50.6288048192691,75.63130595532951,-300.0,13.693309262367235,6.493216381448964,03-01-04-02-02-02-12.wav,sad,12
4.2709375,0.3938679245283019,192.8676314700972,35.32795740109138,133.0569884492912,271.5138861980508,138.4568977487596,0.009916906000641709,23.11679638940391,44.78493848076609,65.80444502524719,-300.0,10.295826688247102,6.5046516720485865,03-01-05-01-01-01-12.wav,angry,12
3.970625,0.37055837563451777,189.80673798385573,31.08635841333338,144.82010474502533,250.37913639263374,105.5590316476084,0.011377147121846823,22.841705230929986,51.832697073250536,67.18263636041898,-300.0,11.989996447892231,7.770468302036925,03-01-05-01-01-02-12.wav,angry,12
3.7370833333333335,0.3783783783783784,182.9944407526668,31.653766854245397,134.55327697171828,259.09904019745034,124.54576322573206,0.0072408797332984476,25.406459573966472,26.59626660028637,61.70961604984103,-27.841948623013913,9.709227536477352,6.5985192180899785,03-01-05-01-02-01-12.wav,angry,12
4.137458333333333,0.3804878048780488,177.82276211478703,28.14519202945173,138.80441378540996,272.0171822512332,133.21276846582322,0.00823194223370394,12.047103540535405,69.18368433842487,64.24396626748741,-300.0,10.584899295431816,5.864424793688037,03-01-05-01-02-02-12.wav,angry,12
3.6369583333333333,0.3277777777777778,273.1877043986274,77.06512816898748,156.9233454592996,550.9071744265805,393.98382896728083,0.04470527976704049,26.62780625869944,62.969531861108656,82.04595300666685,-300.0,11.836599527655395,4.949908846473844,03-01-05-02-01-01-12.wav,angry,12
3.6703333333333332,0.33791208791208793,329.3761853721083,67.43477066149941,211.23692836815013,494.19934145303426,282.96241308488413,0.08917042499795592,46.41345012565848,26.054486155612306,85.02144176940092,-8.588721823908115,10.987873836060254,7.303627868327255,03-01-05-02-01-02-12.wav,angry,12
3.8038125,0.3421750663129973,249.59328264745176,60.44519658330538,77.55692528259003,356.62032177969434,279.0633964971043,0.03868152813463127,36.271720879895646,29.968250621748904,80.3830326535274,-22.20644379960725,10.533933084358802,5.896277911141739,03-01-05-02-02-01-12.wav,angry,12
3.8371666666666666,0.3394736842105263,310.37870251667954,75.05655040391821,92.11474055075715,427.2982600000968,335.18351944933966,0.06807495029658604,26.714538483061336,80.59638760016689,82.38345563576316,-300.0,10.460823072920178,6.0380883635195435,03-01-05-02-02-02-12.wav,angry,12
3.4034166666666668,0.3620178041543027,299.98035350605534,70.47763897587672,170.2579785163541,433.61901832748174,263.3610398111276,0.01641055266731361,35.43376156240513,24.201726888657554,71.09398442615695,-66.07912143994115,9.317854410585001,6.2405516003610675,03-01-06-01-01-01-12.wav,fearful,12
3.5035,0.345821325648415,294.2949053745497,50.76344678215642,200.97989467996626,395.19975254949713,194.21985786953087,0.015193369905368995,29.137731158949713,35.82477622036569,70.28269646524679,-300.0,11.816660341011552,5.890070103759574,03-01-06-01-01-02-12.wav,fearful,12
3.3700208333333332,0.3592814371257485,240.66122446683576,49.06891663924502,158.8659019253687,345.8187231247976,186.9528211994289,0.010399876345859402,27.718474099446198,26.803052561568634,65.63796862014756,-65.17945119778254,10.668999936185944,6.70864365084162,03-01-06-01-02-01-12.wav,fearful,12
3.2032083333333334,0.305993690851735,259.3575203153349,57.86600997792337,151.60052341612425,371.7232570007867,220.12273358466246,0.012534625354111444,29.263113557927273,27.399899859728478,65.80100467772331,-37.67644938778307,8.988770173567328,6.1974388349029255,03-01-06-01-02-02-12.wav,fearful,12
3.7370833333333335,0.3837837837837838,417.9682296306498,41.40143114260942,327.7623496720718,523.5033059492666,195.7409562771948,0.054010231906523695,41.48199986864484,28.9821658058311,81.83588404650953,-37.23315020086885,14.268582364248752,6.512748530807173,03-01-06-02-01-01-12.wav,fearful,12
3.703708333333333,0.39509536784741145,469.30638352734087,67.87149936670292,307.1377935431691,596.3294021653029,289.1916086221338,0.07109914198483129,19.776091872102903,95.55648953340643,82.78615931363248,-300.0,12.310384617950094,6.304584613400605,03-01-06-02-01-02-12.wav,fearful,12
3.4701458333333335,0.34011627906976744,437.19105321419573,91.55014238568135,80.45348831566365,599.075084522722,518.6215962070584,0.055383267203376205,28.176702380667418,64.19507782176903,82.07808205439656,-300.0,11.938454233520574,6.543299399892031,03-01-06-02-02-01-12.wav,fearful,12
3.6703333333333332,0.35714285714285715,460.0050735770403,70.80227788886434,283.0317495679681,596.5010199514612,313.4692703834931,0.06158682739935144,33.25906702073121,65.02099829561445,84.4771820348588,-300.0,15.701499707574634,5.996556247158487,03-01-06-02-02-02-12.wav,fearful,12
3.7370625,0.3945945945945946,186.7433934207191,34.828138151516,132.2078370523997,261.943620724776,129.7357836723763,0.006725630334164784,4.457500139811962,81.58263347979548,63.97163980855676,-300.0,12.791433088200515,6.572598640806784,03-01-07-01-01-01-12.wav,disgust,12
3.703708333333333,0.4196185286103542,185.39531677888937,36.71996517519315,133.25929450509634,287.3402843122677,154.0809898071714,0.007343298743030134,30.615882981390733,21.18488734830433,62.326412664093034,0.3015715233045999,11.131450356278238,5.479348896972908,03-01-07-01-01-02-12.wav,disgust,12
3.6036041666666665,0.38935574229691877,178.92167207450427,31.957944611402716,143.61191645618982,274.8930434624698,131.28112700627997,0.006469982010632534,15.000928376371148,59.62903901637386,62.35505811376406,-300.0,11.975755411336648,6.904094460507908,03-01-07-01-02-01-12.wav,disgust,12
3.703708333333333,0.3542234332425068,198.85607690487763,43.56528634546885,140.3741771546338,324.5025875957943,184.1284104411605,0.006267704540105665,23.76393698169592,31.326074697204792,59.97538539384745,-300.0,8.832371103327203,6.616525452859603,03-01-07-01-02-02-12.wav,disgust,12
3.970645833333333,0.350253807106599,245.58519029037754,63.299851202375166,116.1732222511971,379.2781886907668,263.1049664395697,0.011004183551636527,29.372432139150263,39.06924049976136,64.2193734516624,-300.0,10.297951602490992,8.507044931146003,03-01-07-02-01-01-12.wav,disgust,12
4.5378541666666665,0.43333333333333335,281.71069674675346,78.71856651000641,167.44836683243855,415.6612821854424,248.21291535300386,0.018093691851314833,36.52299593944398,24.711350796220792,69.84634210193536,-5.670200842483427,13.601890098063418,7.172919891329601,03-01-07-02-01-02-12.wav,disgust,12
4.204208333333334,0.37170263788968827,248.75309986322526,69.44310564840522,145.410913249557,419.9691539173161,274.55824066775904,0.01957797930374049,37.18479868599578,25.218883662657316,69.57463324005707,-22.35218161403577,9.522278874249565,8.451990989308706,03-01-07-02-02-01-12.wav,disgust,12
3.970645833333333,0.40609137055837563,250.86575554787697,50.303465049995175,161.90947779750954,334.27092196486336,172.36144416735382,0.01993101889182738,36.44364396921666,25.009554931900873,71.6000324362341,-7.182684739166617,12.717575511604126,7.23846103685274,03-01-07-02-02-02-12.wav,disgust,12
3.536875,0.3657142857142857,243.35350587005132,69.56133059468,156.42238003191108,409.0561854219622,252.63380539005112,0.0081232604313431,20.915023518292795,42.0913700148225,62.44496568596525,-300.0,10.253803064916147,5.6892715320468294,03-01-08-01-01-01-12.wav,surprised,12
3.6369583333333333,0.3472222222222222,253.8842526596687,82.68925142588715,142.52768390243844,408.2631960987404,265.735512196302,0.00976900044770732,16.25422818385111,58.302909345100595,65.38204383591577,-300.0,9.351508862862488,5.829046741108298,03-01-08-01-01-02-12.wav,surprised,12
3.5035,0.3285302593659942,230.209555089798,56.79350092049945,161.7393442508755,402.696137432416,240.9567931815405,0.010275873499524371,22.614277077897476,29.345195138105392,63.74069669164392,-49.2561816831451,10.914095921763888,7.201723396085543,03-01-08-01-02-01-12.wav,surprised,12
3.6036041666666665,0.38375350140056025,239.257877481521,48.21876658895844,156.52973110493264,344.8954083687372,188.36567726380457,0.01097866011060617,27.083977833777045,26.56113659758209,63.356230308148476,-15.885393009759738,10.334416618306172,6.532243880735281,03-01-08-01-02-02-12.wav,surprised,12
3.7036875,0.33787465940054495,276.65386522272024,79.68053433810636,157.65819425771218,456.45953271774226,298.8013384600301,0.014206908328685774,7.952904908283914,87.64165514473348,67.5997772654244,-300.0,8.843650169673694,5.878206211639141,03-01-08-02-01-01-12.wav,surprised,12
3.7370625,0.3837837837837838,312.13207833905966,84.53832183216768,198.64315642583273,489.1819800220396,290.5388235962069,0.017389165644445013,32.04813533844229,27.16558183990242,68.91039749869341,-29.25435649329648,11.248728831910988,6.250533696186729,03-01-08-02-01-02-12.wav,surprised,12
3.7370625,0.3837837837837838,249.82252227478745,80.7854867653174,160.3532111402305,536.5591857446593,376.2059746044288,0.016118478879020973,31.50723992913097,26.613618352468063,69.90745186985671,-14.580283143069263,9.415067695913672,6.80549196516534,03-01-08-02-02-01-12.wav,surprised,12
3.6703333333333332,0.30494505494505497,267.1317234570813,68.35380234754534,155.80970337288468,392.6491555296099,236.83945215672523,0.01466843591281055,16.359458194694103,70.16657665992363,69.38189482412173,-300.0,8.42780674785745,6.509800999949782,03-01-08-02-02-02-12.wav,surprised,12
3.1698333333333335,0.3226837060702875,112.71660548519267,17.708814419322707,88.53313161263314,151.36125522854041,62.82812361590727,0.0035045026332121885,16.309128260008936,23.764896640314955,57.72054408281812,-24.980025916085893,9.3695127199598,5.127624308588481,03-01-01-01-01-01-13.wav,neutral,13
3.2031875,0.3312302839116719,116.02420144938189,19.051058582534164,81.17200905843562,151.59052493236715,70.41851587393153,0.003582650194731378,16.870832628756737,23.60557285659344,58.22613194285654,-15.911387845647102,10.025155126056607,4.746302861674232,03-01-01-01-01-02-13.wav,neutral,13
3.069729166666667,0.3201320132013201,125.16320789247855,22.656050285578623,92.38577798653583,159.80665253078726,67.42087454425143,0.00367382316950544,17.601889792791482,23.132646741080084,58.01709947447823,-16.113214872383296,8.264787535253443,5.057567568944974,03-01-01-01-02-01-13.wav,neutral,13
3.136458333333333,0.3225806451612903,125.0038121981157,20.077057435683205,91.07769929585706,163.6430708807743,72.56537158491724,0.0044419727050038675,17.640407331694284,24.556999162192287,58.903489038277854,-21.915864352929333,7.243499927153988,4.983571053585143,03-01-01-01-02-02-13.wav,neutral,13
3.2365625,0.353125,125.95798528258915,20.407194530704416,95.02456656313487,161.95952335660317,66.9349567934683,0.006257296217133882,20.8558580980072,24.98889979506525,62.049639169768085,-16.423992482648494,8.743628768551602,4.4880287431585515,03-01-03-01-01-01-13.wav,happy,13
3.2032083333333334,0.3470031545741325,134.46365210044468,24.833257061367892,103.82670414732237,214.8094130689829,110.98270892166053,0.005752768493630024,21.639760207070495,24.305862845132438,61.237397521123064,-20.88047909334879,9.644403932028313,4.804365254064529,03-01-03-01-01-02-13.wav,happy,13
3.1364791666666667,0.33225806451612905,135.55576095174834,25.209467766417664,91.56174418665408,184.98899139470333,93.42724720804925,0.005905698469855468,21.093630553004374,24.567266058159664,62.11848477119142,-22.376986027330545,8.134108451109755,4.875951615907069,03-01-03-01-02-01-13.wav,happy,13
3.2032083333333334,0.3627760252365931,189.57124573016614,84.92890024848073,112.86786428249745,583.9495494578216,471.08168517532414,0.00755603423932497,23.546660433623416,25.76545294738318,62.670005973877736,-18.579302024996302,8.448463454531526,4.847953450899629,03-01-03-01-02-02-13.wav,happy,13
3.4367708333333336,0.3323529411764706,146.7100332898163,32.334007721424264,92.57874680935113,261.16559118011946,168.58684437076835,0.008844487743434515,25.304038980869542,26.696112688653884,64.73150541756574,-27.555961425361208,7.710830313368567,5.247071031004075,03-01-03-02-01-01-13.wav,happy,13
3.6036041666666665,0.4425770308123249,214.22496899575737,53.54377222789171,104.07367226167035,352.3550597893095,248.28138752763914,0.019152922004225414,32.872647864696255,27.803756807680358,69.16262128609762,-13.663431439353307,9.855356535441636,5.096005714063195,03-01-03-02-01-02-13.wav,happy,13
3.3700208333333332,0.3592814371257485,249.32133914086836,67.9353366660269,108.59705710832527,400.25022977287216,291.6531726645469,0.02112008155368911,29.36541754194603,29.198974334934956,71.95510455363637,-23.364410279859666,8.706826646456689,5.463528814665818,03-01-03-02-02-01-13.wav,happy,13
3.3366666666666664,0.35454545454545455,221.45191151304599,42.71021298808241,108.5823692262722,312.56832470751334,203.98595548124115,0.020946466237798077,27.21440794853617,30.17126428000884,69.43859200749168,-21.755791052986396,9.372321243801379,5.884613805318316,03-01-03-02-02-02-13.wav,happy,13
3.5702291666666666,0.3898305084745763,112.05391168407222,13.524099286176517,84.4988040118352,148.67149866029072,64.17269464845552,0.003295521383918268,22.545138697104928,21.38301572490195,54.43527421960187,-11.66994504765979,10.136744530369969,5.809739290503118,03-01-04-01-01-01-13.wav,sad,13
3.5368541666666666,0.4057142857142857,111.43590064688138,13.212678009159442,84.61144252354065,150.17237301609595,65.5609304925553,0.0028080627542704543,19.850481330524953,23.074799760999294,52.11754151415715,-26.33033148295132,9.75768771682859,5.6041150116292116,03-01-04-01-01-02-13.wav,sad,13
3.4367708333333336,0.37941176470588234,109.65001324122319,9.963682318924578,88.88243506864904,127.89712675296713,39.01469168431808,0.0031081782242383935,19.70579201193301,23.226207238097263,55.246430163123854,-25.90129787631865,10.404369710130402,6.238438403358641,03-01-04-01-02-01-13.wav,sad,13
3.370041666666667,0.3532934131736527,115.74213643336766,16.697102186813222,84.80309551093603,146.64465249638863,61.8415569854526,0.0034983592452473,19.202725383876558,23.400609332581478,57.86120820112495,-17.984581273528484,10.003607149232481,6.46220997295177,03-01-04-01-02-02-13.wav,sad,13
3.3366666666666664,0.33636363636363636,133.5951127173307,20.7442421498523,77.8869718025008,186.78435679957607,108.89738499707528,0.00570865694510044,24.170134633371827,22.49844589967578,60.33872644213606,-10.981123119215459,9.707177602841515,5.795019600820101,03-01-04-02-01-01-13.wav,sad,13
3.3032916666666665,0.3547400611620795,127.07582206030975,22.876544148236047,85.85400682854562,195.2173045370144,109.36329770846878,0.004082509199647935,21.90145002338819,22.27006211199083,59.079888805987075,-18.387330112422728,10.801819069628664,6.474405003373821,03-01-04-02-01-02-13.wav,sad,13
3.4367708333333336,0.36470588235294116,147.7200182671755,103.95179538035222,93.67242980330597,599.5252259416895,505.85279613838355,0.00438434501905278,23.748844568450778,22.06569706025185,59.23975202435371,-14.90737789568001,8.248495148205548,5.919576228757432,03-01-04-02-02-01-13.wav,sad,13
3.2031875,0.3785488958990536,108.88147001633658,10.969228448494123,88.55466517871756,138.27848794910395,49.72382277038639,0.003252612771964395,21.158100261686485,21.860048966239468,53.087511165373456,-14.075076872693874,10.337290733743737,6.913574390978771,03-01-04-02-02-02-13.wav,sad,13
3.4367708333333336,0.3352941176470588,161.20085624403916,104.763553162318,103.53470514131692,580.571841874839,477.0371367335221,0.009022235706247102,23.84687087786624,26.919969719623467,62.94248334307649,-19.72092845535561,7.981004271506047,5.799775139529415,03-01-05-01-01-01-13.wav,angry,13
3.5368541666666666,0.3342857142857143,194.43854766974528,111.52615278177558,129.68980431009427,581.1391986779581,451.4493943678639,0.012139374518080824,25.498661777568888,27.83057329591619,66.11715909609345,-16.227552195743286,8.063007915942359,5.103170864965337,03-01-05-01-01-02-13.wav,angry,13
3.6036041666666665,0.3445378151260504,166.03598737908845,103.08754987155271,82.8658727731545,599.8765757621838,517.0107029890294,0.011859670722695921,26.659505894251517,27.334341965443087,66.00528292924005,-16.268181399769126,7.751632131067762,6.6877361912786695,03-01-05-01-02-01-13.wav,angry,13
3.3700208333333332,0.344311377245509,159.5862263584861,25.478372504587288,88.81451085181071,202.92822078864307,114.11370993683236,0.015105339001252717,25.50578206916112,28.997772489034823,68.74952150296252,-17.065907078575535,8.38657179312543,5.476426605944383,03-01-05-01-02-02-13.wav,angry,13
3.6703333333333332,0.3434065934065934,311.39863341958863,32.6439572841634,203.43989690465466,359.9241233180067,156.48422641335205,0.09900471542739253,37.041576426631956,32.64693380939151,87.0794681271257,-14.022176488541112,12.478051681850811,6.983349940481159,03-01-05-02-01-01-13.wav,angry,13
4.2709375,0.3231132075471698,241.7571106122272,59.02392675434261,142.4214491426989,503.6311354632674,361.2096863205685,0.04965580868917051,38.14572481852582,27.784469690141616,79.78270918738565,-17.924951410648706,9.472025780718791,7.14022417349725,03-01-05-02-01-02-13.wav,angry,13
3.5702291666666666,0.3700564971751412,277.8669331867888,52.18051626458804,142.7844324607456,363.0520924162723,220.26765995552668,0.06799583716305439,36.40810006518813,33.80417291355627,80.55058685565668,-19.582954785317874,10.941854803121846,5.487983450095149,03-01-05-02-02-01-13.wav,angry,13
4.170833333333333,0.43478260869565216,345.7326912294859,37.2867856418601,245.38689588353878,403.0059527522678,157.619056868729,0.15216798990263253,42.51386666071652,35.8436506189578,88.4318853368064,-20.36222669395937,14.496531219288867,7.3340190752818835,03-01-05-02-02-02-13.wav,angry,13
3.1364791666666667,0.3032258064516129,138.6927100787516,22.526398591669498,93.96673738679901,182.28680416880437,88.32006678200536,0.005287669493059429,19.49362826271314,24.613394117674677,59.06827307342846,-19.571384419528606,8.505657821828754,5.327825225682709,03-01-06-01-01-01-13.wav,fearful,13
3.1698333333333335,0.29073482428115016,135.97600570639847,28.850525583491198,90.77864775411176,191.09854362860645,100.31989587449469,0.003710133487153903,19.67740261260184,22.162241355763253,56.72207936025646,-23.804963888536236,7.060306141503235,5.8453700263598645,03-01-06-01-01-02-13.wav,fearful,13
3.2032083333333334,0.28391167192429023,159.53457915020314,92.4022815707951,113.37141472353673,594.333109149196,480.9616944256593,0.007499761946911413,22.74327379293083,25.369345799914548,62.860102825795096,-18.01994843804177,7.334970543240698,6.678246773004567,03-01-06-01-02-01-13.wav,fearful,13
3.2365625,0.284375,189.28429381500422,128.7025628663945,113.76265147571485,598.4934979086671,484.73084643295226,0.007836014134108567,26.30040237375535,23.381777542655055,61.94651524608538,-16.987500596417917,5.8286391045953945,5.51425712822179,03-01-06-01-02-02-13.wav,fearful,13
3.370041666666667,0.27844311377245506,168.91469293060823,58.35984905641837,94.20193084730961,547.6309705120224,453.4290396647128,0.00579071895438704,20.56397248144089,24.916809210947378,60.54326186060892,-15.794110405312068,7.173835530199723,5.643676314444156,03-01-06-02-01-01-13.wav,fearful,13
3.2699375,0.29411764705882354,304.5219583768508,67.24784857852687,131.89512714058552,445.97909677017117,314.0839696295857,0.030232224130466064,30.972444599933702,28.53034956124846,76.69343516790724,-16.719166096485566,10.764100769834268,6.639541046406638,03-01-06-02-01-02-13.wav,fearful,13
3.5035,0.30835734870317005,224.25999153335925,48.65946721311552,106.44266963181501,355.9131491594686,249.4704795276536,0.024656746510579978,29.676082433588657,29.477986921283964,74.53174619008277,-11.958158436667606,7.791858837556292,6.4641464440305985,03-01-06-02-02-01-13.wav,fearful,13
3.2032083333333334,0.3028391167192429,139.90265271708105,16.9481113071396,82.70466041016772,179.66096714604953,96.95630673588181,0.006550029115432717,22.72149156258451,24.954083995098596,59.94132439959499,-14.165734894292694,7.522286224325457,6.494847308660984,03-01-06-02-02-02-13.wav,fearful,13
3.136458333333333,0.2870967741935484,110.01577629838917,17.682713993470447,88.1055313149469,153.366664681512,65.26113336656509,0.0029833370299214403,17.19518756254156,23.321619550079987,55.05405554686318,-56.77172563336359,8.515311666978285,5.692893173400058,03-01-07-01-01-01-13.wav,disgust,13
3.1698333333333335,0.268370607028754,150.01731953208022,125.51571400157552,82.9055870216951,573.448055164482,490.54246814278684,0.0030497855740274915,16.82530072451561,23.33050667232303,54.832084881811845,-21.068336581489227,6.984130882561509,4.837788789297747,03-01-07-01-01-02-13.wav,disgust,13
3.2699375,0.32507739938080493,98.72492577472306,11.778502002946988,74.94358497157548,122.1945632449244,47.25097827334892,0.0032911014678249214,19.060904743401878,23.51797566019493,55.477405030298655,-17.59702966553953,6.882353166712353,5.156160404208083,03-01-07-01-02-01-13.wav,disgust,13
3.2365625,0.28125,118.21231515788789,21.73940252150142,85.10019925114294,155.88263731117186,70.78243806002892,0.0036846121755224094,18.33926597217704,24.69126920028078,57.227353949727174,-21.3324798347962,5.111754252630358,4.886756316856737,03-01-07-01-02-02-13.wav,disgust,13
3.403395833333333,0.26409495548961426,143.67271374576245,46.64887889894114,78.9977845057026,248.16496125097535,169.16717674527274,0.0062101262569823545,24.137377334413397,23.65173233846385,60.827737753278626,-23.098218481415653,7.771712165692507,5.230866971492887,03-01-07-02-01-01-13.wav,disgust,13
3.703708333333333,0.2970027247956403,180.6111490143164,119.11700677606962,76.30586671015965,582.0925318914002,505.78666518124055,0.007653737419087224,27.022909891539047,24.47550984755354,63.28897593848687,-12.011803473713574,6.863733876176908,5.131146044956472,03-01-07-02-01-02-13.wav,disgust,13
3.403395833333333,0.3293768545994065,128.20772973347943,101.66747970394906,77.09780590837623,557.5544817318969,480.45667582352064,0.003531964254655057,19.965691524844647,23.856412809237717,56.200696618943894,-21.721043518303688,6.466740876124079,6.560564295579413,03-01-07-02-02-01-13.wav,disgust,13
3.4367708333333336,0.3352941176470588,116.55089013351824,17.845281209166792,83.01574279432128,150.14976622007129,67.13402342575,0.0053747838919951454,22.219838524328164,24.067868778945126,60.868179358220715,-34.66408265228759,6.928353284268292,5.386426589402345,03-01-07-02-02-02-13.wav,disgust,13
3.403395833333333,0.3620178041543027,214.45450935794346,53.806910330895505,103.09566281601444,362.22640657128045,259.130743755266,0.011244504576529559,24.82194346781857,27.707190210857902,65.3051052139434,-18.68958857390418,8.653719346737056,5.375751037643644,03-01-08-01-01-01-13.wav,surprised,13
3.136458333333333,0.3225806451612903,216.47605307493683,55.906935759663284,89.79866079593296,302.7265254053653,212.92786460943233,0.0053510303541053,18.792996106099498,25.729495950599173,58.85207004494092,-33.68785243219221,8.65927572020908,6.324319623255972,03-01-08-01-01-02-13.wav,surprised,13
3.1364791666666667,0.31290322580645163,181.31668262050712,50.26655623545871,98.88688443078446,298.6401968118977,199.75331238111323,0.005402168019780298,18.706219789445488,25.94824352219322,59.93856254950024,-19.999041420740575,8.146269193966015,4.898334810673595,03-01-08-01-02-01-13.wav,surprised,13
3.036375,0.3233333333333333,208.81695813058633,55.692609710000454,98.94722620906062,340.6013152403139,241.6540890312533,0.005878553834695001,19.898035224100685,24.78619817873356,60.213414083110465,-14.660297215423553,9.789125454830321,6.215480080287131,03-01-08-01-02-02-13.wav,surprised,13
3.3366666666666664,0.2878787878787879,221.42068437658006,95.62198278798218,110.14193260043483,558.6288372448714,448.4869046444366,0.009590216295467262,22.268474838716212,27.42049840304643,65.63243198837198,-23.209854728969496,7.134709198453964,5.104174713029338,03-01-08-02-01-01-13.wav,surprised,13
3.3032916666666665,0.3149847094801223,161.8102561844589,89.19358645972586,78.79025895036763,372.69702178733087,293.90676283696325,0.006398062202852959,21.662863352609346,25.391492066462753,64.43888569238874,-22.78507018588079,6.141479001737983,5.531845847901235,03-01-08-02-01-02-13.wav,surprised,13
3.3366666666666664,0.35454545454545455,144.48054478435012,36.743384863899024,90.1592649695125,277.21248745797607,187.05322248846358,0.012647618700441574,24.497037975716918,28.979095977756916,66.43555304950867,-29.005845842426204,5.98752133678689,5.393876470965411,03-01-08-02-02-01-13.wav,surprised,13
3.3032916666666665,0.3149847094801223,169.22922660177855,74.07226724346403,78.30889383495791,404.13341931961236,325.82452548465443,0.013448333415505293,24.29369307516365,29.209998174477416,68.29755604694516,-22.147399403937715,6.1538011499478875,5.107939736820628,03-01-08-02-02-02-13.wav,surprised,13
3.470125,0.3372093023255814,226.19328672423845,54.418843994562565,162.69643689930197,331.17938133099096,168.482944431689,0.002032930544283086,-45.1240056031952,128.41773297423924,51.82953568567095,-300.0,10.325369117138102,7.320170120953904,03-01-01-01-01-01-14.wav,neutral,14
3.3366666666666664,0.33636363636363636,209.44797450749505,34.366722451082445,145.83686659893473,300.7461299032817,154.90926330434698,0.0018635157168882385,-23.989200102403373,107.44936244078535,51.710140807968735,-300.0,9.884717479536105,7.587186786353666,03-01-01-01-01-02-14.wav,neutral,14
3.4701458333333335,0.2936046511627907,247.587306768326,42.52408699610043,174.12227908749293,326.87771988726894,152.755440799776,0.0026517293017849814,-22.263116411674428,108.55981685498138,51.06220793801227,-300.0,9.887236551612162,8.286566282675993,03-01-01-01-02-01-14.wav,neutral,14
3.5702291666666666,0.3644067796610169,244.2260817464042,50.35760533576693,163.7789273907421,335.16326976265714,171.38434237191504,0.002738327227539322,-16.72862782583793,101.6068487386304,52.049410915666066,-300.0,10.263230297163839,7.92855746232062,03-01-01-01-02-02-14.wav,neutral,14
3.703708333333333,0.3460490463215259,331.9980724665764,71.005698042117,192.99674788459114,447.5697156605188,254.57296777592765,0.017021051937247834,29.975499017133377,27.999649119851714,69.61526650841235,-30.4179121748898,9.518452422290052,5.6054656241684,03-01-03-01-01-01-14.wav,happy,14
3.6703333333333332,0.33791208791208793,350.3572734923345,73.78188535204568,111.9793125184691,456.1024051290396,344.1230926105705,0.01642529049829962,-26.84001125881756,130.61100407921117,69.19226771720088,-300.0,9.147192006476715,8.65098504972584,03-01-03-01-01-02-14.wav,happy,14
3.403395833333333,0.31750741839762614,291.2763122773683,57.082152910553944,178.1838925787483,400.67407987432125,222.49018729557295,0.011091749414587963,-13.42013215417914,111.21504348625392,66.51065886483829,-300.0,8.458813602553683,7.130622635843009,03-01-03-01-02-01-14.wav,happy,14
3.470125,0.3430232558139535,316.1957791826216,58.795783330580896,182.99578180880403,417.7574476247274,234.76166581592335,0.011622702625749503,-49.52068701455993,145.42945176540255,64.91413763075764,-300.0,9.041671130696786,7.130231876082096,03-01-03-01-02-02-14.wav,happy,14
3.7704166666666667,0.339572192513369,449.5522090160817,92.88382351507674,219.2610069948385,589.898399127688,370.63739213284947,0.040611961538558554,-10.219436122004105,122.42099520390367,79.16659524380499,-300.0,10.114420926783916,5.521067128743746,03-01-03-02-01-01-14.wav,happy,14
3.7370625,0.35405405405405405,414.77269133304384,60.0934210777885,293.9809023773961,527.7074809174032,233.72657854000715,0.03334834856561515,-13.573612861874535,125.34536158884508,77.39109927222108,-300.0,9.031545424364724,5.8449877891553905,03-01-03-02-01-02-14.wav,happy,14
3.8371666666666666,0.37105263157894736,443.3288725841473,72.03388431961027,293.7950544292799,588.7695401807829,294.974485751503,0.0478249834952153,11.277459692564959,94.93927264013348,78.57673799410334,-300.0,10.390461305712602,5.8522740554236785,03-01-03-02-02-01-14.wav,happy,14
3.7370625,0.34054054054054056,443.9010422495023,94.54368942570646,212.37994209726787,591.2933768510205,378.91343475375265,0.04183379350312662,-1.530306156457648,115.52941011560884,77.4110450748364,-300.0,12.449901491610117,6.653578185308127,03-01-03-02-02-02-14.wav,happy,14
3.7370625,0.2810810810810811,231.34534311685292,52.1027249013204,111.59749202147394,340.1738062740808,228.57631425260683,0.0026319540256447465,14.08355238171475,41.57675751897374,52.544862394457624,-300.0,8.545351760067902,8.480025831615267,03-01-04-01-01-01-14.wav,sad,14
3.6036041666666665,0.32212885154061627,243.008130297477,41.771198069688,164.6898161872514,340.6989947014869,176.00917851423551,0.00371597249714156,-22.01245837640234,111.04998701327466,56.29602348365814,-300.0,9.915274152084278,8.610339495525972,03-01-04-01-01-02-14.wav,sad,14
3.6036041666666665,0.2857142857142857,245.95725010606867,34.95709907214377,169.36178817631983,306.1682645105685,136.80647633424869,0.0030589715492551108,15.027332780387407,42.10871096963909,54.476359597425756,-300.0,8.390989638979635,9.019983613717466,03-01-04-01-02-01-14.wav,sad,14
3.536875,0.3,243.07523910472884,36.15218939245896,177.585062549749,314.12813245029037,136.54306990054135,0.0041699844167401405,18.555708256176093,33.33021686561035,58.1032083559088,-300.0,9.401024254108824,8.087680798656365,03-01-04-01-02-02-14.wav,sad,14
3.8705208333333334,0.2682291666666667,285.1532812215643,59.68830525876403,143.22156236690768,394.0229428831589,250.80138051625124,0.00559949145982883,14.968382344444201,47.95638368127047,62.13681224701024,-300.0,6.941979951653688,8.809768516087253,03-01-04-02-01-01-14.wav,sad,14
3.6703333333333332,0.27197802197802196,249.67353968500416,60.38846372642126,102.99039150076311,356.37948855530686,253.38909705454375,0.0035177748920790257,-28.335164827362544,120.44942450522468,57.145183169866044,-300.0,5.188614747962145,6.725703915707206,03-01-04-02-01-02-14.wav,sad,14
3.6703333333333332,0.3021978021978022,284.60021324325896,37.08005912614405,205.56785301559532,370.6852599907167,165.11740697512138,0.007664494565563736,5.550135532263173,79.0022009015377,64.37874572860746,-300.0,9.305741074836435,7.674836185081181,03-01-04-02-02-01-14.wav,sad,14
3.9039166666666665,0.35400516795865633,295.53854934038355,56.96775809382435,85.6979285421484,389.2763852175785,303.57845667543006,0.010811858184614496,1.725048481678626,95.84594351489696,66.29417024565726,-300.0,10.47089555821717,6.917050105456661,03-01-04-02-02-02-14.wav,sad,14
3.6035833333333334,0.2661064425770308,305.84529077173465,90.59774031429478,165.20868330745049,481.56736533511406,316.3586820276636,0.010642070803428591,3.6990357698564047,78.9024288283005,67.53495939961441,-300.0,6.767782914699969,7.286704850298219,03-01-05-01-01-01-14.wav,angry,14
3.703708333333333,0.3024523160762943,310.7237374244258,75.55914354849823,164.6673475898526,466.63950016033033,301.97215257047776,0.011813091508887203,-21.078827469162047,120.14881832131246,67.09013466221418,-300.0,8.703973496465128,7.3506574884133205,03-01-05-01-01-02-14.wav,angry,14
3.7370625,0.3162162162162162,300.637498811351,65.98756709244043,174.60118287464243,429.82657655489953,255.2253936802571,0.014671248276056013,-8.591820918335932,108.16785913766431,69.72380700183342,-300.0,8.3837714259612,7.639052363865724,03-01-05-01-02-01-14.wav,angry,14
3.9039166666666665,0.2971576227390181,396.40921137689105,82.26223657024427,206.3281960565062,544.7715428797476,338.4433468232414,0.014770724763941237,-3.240039090357402,106.66972529308775,69.31552402548868,-300.0,8.638441390694076,7.647253303173984,03-01-05-01-02-02-14.wav,angry,14
4.2709375,0.23820754716981132,448.1615228229647,106.43041334735427,105.4838177820562,597.280899566925,491.79708178486874,0.0877302961825107,-0.4316686891026461,118.98994714640193,84.78520133061693,-300.0,5.499412762131891,4.681151509561994,03-01-05-02-01-01-14.wav,angry,14
4.371020833333334,0.30414746543778803,456.5194034058089,88.74485910639541,226.58786610557632,597.2451867598552,370.65732065427886,0.061089786213882356,-0.1511816937270611,117.2221976772945,82.61060886593633,-300.0,8.284576432538554,5.821208511554476,03-01-05-02-01-02-14.wav,angry,14
4.170833333333333,0.2946859903381642,418.0375136077302,96.81828267809884,122.649335802502,594.8632933433238,472.2139575408218,0.08533748549927392,2.321237206624223,109.8387755302801,84.4614829250603,-300.0,10.353711934407967,7.2583805963114,03-01-05-02-02-01-14.wav,angry,14
4.404416666666667,0.2219679633867277,422.65135341742047,101.1241701701033,143.90356842629137,590.5057829952854,446.602214568994,0.06078848452238454,28.1167926847588,58.489898443580444,81.32952755626775,-300.0,7.060256105794544,6.0821561214245685,03-01-05-02-02-02-14.wav,angry,14
3.3700208333333332,0.281437125748503,238.9868814908917,38.16289071494855,90.9288567895421,301.526297217418,210.5974404278759,0.0024720690675668266,-21.713267881894904,111.93091195487044,51.94804954024708,-300.0,7.940645159357933,7.450796441193648,03-01-06-01-01-01-14.wav,fearful,14
3.5702291666666666,0.2711864406779661,259.28985106857857,33.58063731497639,172.38563485674433,321.94605994158366,149.56042508483932,0.0030105602918062075,6.047830265455685,69.98728274996259,53.63830782561503,-300.0,6.69398994265967,7.970600999084943,03-01-06-01-01-02-14.wav,fearful,14
3.370041666666667,0.3023952095808383,237.19608470990408,36.20474806866491,159.8222424119391,317.17601266803877,157.35377025609966,0.0038961573277089623,18.69701481599476,24.581775447329015,56.22615726829764,-16.312141081911733,8.750669808950848,7.646620165025243,03-01-06-01-02-01-14.wav,fearful,14
3.3700208333333332,0.3143712574850299,268.53020384336116,34.700600423444065,211.60151822296464,354.8252843238086,143.22376610084396,0.0053024847578546355,7.425260855759646,71.95844966322848,59.495406976258124,-300.0,9.295166769341957,7.676721571412805,03-01-06-01-02-02-14.wav,fearful,14
3.3700208333333332,0.31137724550898205,451.6583930055027,123.52132317685374,293.94840696991105,596.690185573312,302.7417786034009,0.059135463997582405,-14.708738385545129,129.4817512262801,80.95559306163679,-300.0,13.053086868794233,7.766656450584438,03-01-06-02-01-01-14.wav,fearful,14
3.403395833333333,0.31750741839762614,482.2915563057472,99.51203166573573,303.905541295386,598.142399428796,294.23685813341,0.05707977554679636,2.8409617177553477,107.97434832867887,81.82700045382757,-300.0,10.792095858199271,5.831303314097787,03-01-06-02-01-02-14.wav,fearful,14
3.5035,0.3256484149855908,457.5933301071576,55.76714292352346,332.7096800380153,556.3914908986158,223.68181086060048,0.02956305105770086,-6.82071964197652,110.99474591634562,74.98333937597502,-300.0,10.916440153682865,6.62271142956669,03-01-06-02-02-01-14.wav,fearful,14
3.470125,0.3430232558139535,463.7100975840609,70.77136630542894,300.3937305980126,587.6804674401643,287.2867368421517,0.03461494836696258,-7.375855790589841,119.12007005260106,78.24867532703291,-300.0,11.35529590762939,7.248102188780888,03-01-06-02-02-02-14.wav,fearful,14
3.7704166666666667,0.31016042780748665,269.2109683286579,44.42029371808321,129.81484433558145,387.52538798290664,257.71054364732515,0.007119738265710313,7.7340539791521286,78.98677876529895,64.65926666783021,-300.0,8.25217037877244,8.053168953300045,03-01-07-01-01-01-14.wav,disgust,14
3.6369583333333333,0.33055555555555555,247.03582887786033,73.88604779973663,155.25504291094032,540.2388473529579,384.9838044420176,0.005790500848785376,-31.485110834336318,125.09814950074998,60.18999984029216,-300.0,8.57105023645626,7.5795087385724385,03-01-07-01-01-02-14.wav,disgust,14
3.7370625,0.3081081081081081,225.82794595906054,42.98551359395977,100.62457275513944,299.2499782471466,198.62540549200716,0.005513526780353378,-26.952883618769075,121.70446456776376,58.48737105074514,-300.0,7.673991303653174,7.53337945889871,03-01-07-01-02-01-14.wav,disgust,14
3.7704375,0.32887700534759357,287.46475236264905,66.04626371061596,170.4515689201156,592.0237347067156,421.57216578659995,0.012016980319202794,-3.3487069850024973,105.18460167041655,66.01550066660445,-300.0,9.439121235071768,8.632385098427713,03-01-07-01-02-02-14.wav,disgust,14
3.93725,0.3717948717948718,259.4081980162105,36.81450842670663,203.93522966890444,350.64294232705276,146.70771265814832,0.014785026794962314,3.0503200432762694,105.22646388847731,69.99207031389057,-300.0,11.371613376653634,8.750109294985704,03-01-07-02-01-01-14.wav,disgust,14
3.7370625,0.3216216216216216,243.27678801929312,31.193281022621065,184.84072962453877,312.40732550676057,127.5665958822218,0.006826636655347189,-8.877947697247299,107.55731851441108,64.14597555616999,-300.0,7.423960956441797,6.68240820856042,03-01-07-02-01-02-14.wav,disgust,14
3.6703333333333332,0.26373626373626374,238.03923310150483,35.60203026572174,169.86903455223452,338.81724537932126,168.94821082708674,0.006877978347917899,-15.992826711467151,117.44259962008171,65.22706505333235,-300.0,7.500022881982869,8.834246288451856,03-01-07-02-02-01-14.wav,disgust,14
3.8037916666666667,0.35013262599469497,265.3596473921677,36.58884664092428,81.55145553872131,319.819149279179,238.26769374045767,0.013336028492540552,-28.643152236400127,130.12384287589975,66.04984614861523,-300.0,10.901447250832057,8.035158420664613,03-01-07-02-02-02-14.wav,disgust,14
3.636979166666667,0.3,291.37702716755376,83.33669597342298,82.21964257734092,434.151937615198,351.9322950378571,0.0035609863557718364,-34.938490729649125,124.92519593004961,57.576027125929734,-300.0,7.941520553437505,7.224421704165085,03-01-08-01-01-01-14.wav,surprised,14
3.57025,0.327683615819209,291.1029387018346,94.24577723743913,163.35324571475266,527.2920619519595,363.93881623720677,0.004066470682501646,-34.63783581259719,123.9876810366054,58.94910241926332,-300.0,7.318998999674325,7.872093834983063,03-01-08-01-01-02-14.wav,surprised,14
3.2032083333333334,0.29652996845425866,292.18137012172195,105.04379052780557,163.84137635484316,566.9364217552202,403.095045400377,0.004857035530127021,-19.503908065146398,108.67440678383359,60.14550684123331,-300.0,7.700387432774538,7.7819108295661215,03-01-08-01-02-01-14.wav,surprised,14
3.3032916666666665,0.3211009174311927,278.2040040653444,80.37011317597175,176.46412356744912,483.737738204406,307.2736146369569,0.005548696584105198,-33.94613923610807,124.45627380491656,62.47403398235183,-300.0,8.240956169838837,6.791338401927871,03-01-08-01-02-02-14.wav,surprised,14
3.970625,0.3147208121827411,315.54737322967213,108.56854889728432,156.7709398953142,581.8348009732506,425.0638610779364,0.005558936809834412,0.2705330607751218,87.56299134491424,59.48609982777333,-300.0,6.702194486217939,7.265197354634045,03-01-08-02-01-01-14.wav,surprised,14
3.703708333333333,0.34877384196185285,339.4870332302719,125.34172116884864,77.41160339592082,572.4614471649062,495.0498437689854,0.011964849954381717,-29.230655303418725,129.8156456879014,66.49086256585373,-300.0,9.058000559269175,6.3796289059463165,03-01-08-02-01-02-14.wav,surprised,14
3.703708333333333,0.3242506811989101,297.247932564047,88.54295810338583,82.84538431283833,590.2592681814469,507.4138838686086,0.008339228750508017,-25.50309816743431,126.27770796489501,63.84812378016309,-300.0,6.174975937725152,7.2836275795455805,03-01-08-02-02-01-14.wav,surprised,14
3.7370625,0.3027027027027027,299.4135153224861,98.33339602310807,186.03207508318798,506.8105935703547,320.7785184871667,0.007731933493644608,-21.74366944383323,120.3915590293729,64.57046059499913,-300.0,5.764526970029738,6.22005214865054,03-01-08-02-02-02-14.wav,surprised,14
3.370041666666667,0.3263473053892216,133.83102523132283,24.967321168951965,93.5364918996423,177.9846302109496,84.4481383113073,0.007650717218040446,24.909666298390054,23.070000083364555,63.60276507236723,-9.096445127187739,10.046182018642376,5.925546523824164,03-01-01-01-01-01-15.wav,neutral,15
3.4367708333333336,0.2676470588235294,133.78503059249525,15.580941795597305,95.6471278273,163.37674242007552,67.72961459277552,0.006422022435815914,25.576162717494004,20.89270828961507,62.97235953074867,-7.617221973303542,10.06290303754424,5.925849181319638,03-01-01-01-01-02-15.wav,neutral,15
3.43675,0.3029411764705882,144.1566763143075,92.33453322876471,94.6029096917971,599.3017528251306,504.6988431333335,0.007385832412310179,28.06847851285637,20.869605134073737,62.01264238950708,-8.725863368759759,7.349786057644099,5.741139748466396,03-01-01-01-02-01-15.wav,neutral,15
3.403395833333333,0.3323442136498516,130.21699321290228,18.54202556338426,100.00712638513434,171.5421573165553,71.53503093142095,0.007598088627365338,28.24898967625616,20.719371353609777,63.269697097892674,-10.04077439840908,10.07210246625672,5.705992426501883,03-01-01-01-02-02-15.wav,neutral,15
3.403395833333333,0.32344213649851633,132.0695441372729,17.27427079758639,100.72654831004489,178.23035496414218,77.50380665409729,0.009322204772393736,25.85746136274199,23.5761219471093,65.40130388586851,-14.028892966673116,9.571968115965788,4.323958533687943,03-01-03-01-01-01-15.wav,happy,15
3.3366666666666664,0.3333333333333333,136.91193259801616,18.159117736664168,97.76668569069628,196.0172292924479,98.25054360175162,0.011025516370943001,30.173485568344034,21.386186032488666,66.63953794828247,-4.758670256965784,9.366303490105878,5.3902681033433355,03-01-03-01-01-02-15.wav,happy,15
3.3366666666666664,0.3242424242424242,130.14333067072852,30.884178798290048,99.36079925344316,224.87972444503356,125.5189251915904,0.00854410386923524,29.845355579971052,20.879561292446766,65.31035245813479,-2.690322898315522,7.7392507339142345,5.6823879739595045,03-01-03-01-02-01-15.wav,happy,15
3.4367708333333336,0.31470588235294117,127.83663277925336,19.407766922453202,101.46815300173503,180.43341423473535,78.96526123300032,0.010709089860924234,28.421877794948866,23.001360574110276,65.23479062975387,-7.892103414144208,6.979446325353817,5.193507398561384,03-01-03-01-02-02-15.wav,happy,15
3.5702291666666666,0.327683615819209,210.33809753224403,55.13371998560454,108.20147104484657,432.84745188169995,324.64598083685337,0.022278599506121325,38.68011606038087,20.230938703628162,71.44723970164814,4.817695811736748,10.128408559754716,5.224751095544785,03-01-03-02-01-01-15.wav,happy,15
3.470125,0.3226744186046512,139.75582654984362,26.42918456929362,100.9130079781713,190.79271032465198,89.87970234648068,0.01784541945177541,32.121472717145764,23.21008395739363,70.61554408193801,-2.715220880279014,8.159997586293462,4.321515956282025,03-01-03-02-01-02-15.wav,happy,15
3.8037916666666667,0.376657824933687,169.49939256976563,85.62740089151568,98.57331928049727,582.1042802788708,483.5309609983735,0.021306280522843547,36.448733949897694,23.131117033981212,72.34797455934137,-3.4662442411426344,6.003649008048292,4.208654887557523,03-01-03-02-02-01-15.wav,happy,15
3.370041666666667,0.3323353293413174,139.35501091500174,22.222236544595834,101.27767444394641,183.7278408082547,82.4501663643083,0.01653147591469254,30.369899980669178,24.781082843488925,69.57654171397367,-2.519691896401406,6.75599592240818,5.133350507211969,03-01-03-02-02-02-15.wav,happy,15
3.5035,0.30547550432276654,130.89609328067021,16.31328768125326,105.80331624891373,162.84675284040844,57.04343659149471,0.00874880428003732,28.107723145683064,21.919100299082398,64.74984586650442,-7.207269978720843,9.712882081071513,5.528889886130061,03-01-04-01-01-01-15.wav,sad,15
3.3032916666666665,0.2996941896024465,121.89050058743244,11.403843528900083,77.69309844140672,155.1247767218768,77.43167828047008,0.006004414990169508,29.380474285945443,17.857618691555505,60.09147039766468,-11.483643678919256,9.351212747563958,5.482670362244013,03-01-04-01-01-02-15.wav,sad,15
3.3033125,0.2966360856269113,126.3292348207663,12.069068174834804,112.0557750637442,153.69794540860784,41.64217034486363,0.008007954457360312,28.509505249558337,20.70601728801744,63.537496219435276,-9.069258755614838,7.7017618337780585,5.54233665759187,03-01-04-01-02-01-15.wav,sad,15
3.3700208333333332,0.32335329341317365,136.7311901385049,47.12209617510662,77.2211755085239,273.6722264736936,196.4510509651697,0.006623687653353003,32.136353671086916,17.883115325481356,60.77113287681115,1.565250072418345,6.737026439464123,5.868506835886308,03-01-04-01-02-02-15.wav,sad,15
3.2699166666666666,0.24148606811145512,144.92555417188007,48.56453583849701,109.46330320358153,562.125871935771,452.66256873218947,0.01582881576491305,22.577644271709346,62.4851548349195,68.16740568183893,-300.0,9.85604316134935,6.602733770438922,03-01-04-02-01-01-15.wav,sad,15
3.403395833333333,0.32047477744807124,157.71099557475048,66.6195294153938,75.45554974216223,551.4294366017749,475.97388685961266,0.01459450842301357,33.60766293960355,22.256769906473654,69.00435639810286,-4.009015154192581,10.238543008403004,5.03535729678994,03-01-04-02-01-02-15.wav,sad,15
3.536875,0.2885714285714286,139.85353691873738,28.09021362695417,108.02046861577868,267.42813888441583,159.40767026863716,0.010457749313424728,28.262896653314627,23.82863808886453,66.68055802732317,-24.033473906473517,7.817912572266461,5.3638179023583135,03-01-04-02-02-01-15.wav,sad,15
3.4367708333333336,0.3176470588235294,143.76236918954564,27.57360037791088,82.65903823191658,234.12203428693405,151.46299605501747,0.009666322497101495,36.47811627702152,20.221913115141728,64.25479189829366,-9.23564410589748,6.795546562997138,5.660885512050941,03-01-04-02-02-02-15.wav,sad,15
3.636979166666667,0.32222222222222224,171.07910150046575,76.71931425706255,91.48635157417515,563.0769052594626,471.59055368528743,0.016896670276388748,31.061893596101783,23.5753771696191,72.34498730305287,-10.368277610328464,8.808983083422532,5.025330673523177,03-01-05-01-01-01-15.wav,angry,15
3.6036041666666665,0.32212885154061627,207.29055813302386,76.06105298513735,135.48281098563862,580.1905520945193,444.70774110888067,0.024502603606552993,32.1358156016009,26.57617248611529,74.62656545202633,-17.82155252938853,8.599380824309703,5.619363331988083,03-01-05-01-01-02-15.wav,angry,15
3.703708333333333,0.35149863760217986,153.92036408667775,37.78570220979624,108.38742555016574,265.0683019913946,156.68087644122886,0.01747943140577176,34.78334379499947,23.934565449816564,69.07041074906986,-6.016515982500209,6.649966784468669,4.323513695104567,03-01-05-01-02-01-15.wav,angry,15
3.536875,0.32,213.2277328864141,82.94822049688729,138.76312119076962,580.0677807406195,441.3046595498498,0.02985822880657545,32.835327121377794,27.41838509499235,74.61790073859368,-5.42434618070807,8.852272978581178,4.97126800798471,03-01-05-01-02-02-15.wav,angry,15
3.536875,0.3142857142857143,241.2487010633397,61.200043625339504,80.22152166021904,391.55836919982244,311.3368475396034,0.03710973410425936,24.527434006687372,36.32524506633364,78.16007519465748,-37.33025265576098,9.258674031622043,6.035162101372997,03-01-05-02-01-01-15.wav,angry,15
3.7370833333333335,0.3081081081081081,248.32831142385507,46.724491947270124,164.9186088212633,376.17193786906466,211.25332904780137,0.04444138343725624,35.45943525471842,28.42727295412032,78.4248878726743,-13.006859696770558,10.034481095309427,5.758529178807141,03-01-05-02-01-02-15.wav,angry,15
3.4701458333333335,0.3081395348837209,198.99853446805565,97.5432426007502,111.7002297143078,559.2115582156257,447.5113285013179,0.028085133718145708,36.16180679754917,24.597775273027956,75.82047261526074,-5.098839339267308,5.817746816737922,5.412938462709603,03-01-05-02-02-01-15.wav,angry,15
3.6036041666666665,0.3137254901960784,282.17011285871683,61.38662816262989,166.97938642801006,391.6442509841693,224.66486455615922,0.05428741240685233,38.12301206039359,27.220298714043867,84.44320612695748,-9.747468950671603,8.596170935190836,3.0194473332312333,03-01-05-02-02-02-15.wav,angry,15
3.3032916666666665,0.3058103975535168,134.88386743373695,16.73449376803011,109.88184615292306,184.97649285016647,75.0946466972434,0.00925466200219495,33.573790367498766,19.813004241707766,62.82305730427541,-6.156044900974672,8.025285285251416,5.411121148166843,03-01-06-01-01-01-15.wav,fearful,15
3.3033125,0.30275229357798167,166.13038251220857,48.676281061261975,113.3841512437092,405.9716153797876,292.5874641360784,0.011060561429589843,31.949200414268144,21.21386575210673,65.57343357228963,-5.577333400374561,6.937311532434241,5.084310087945645,03-01-06-01-01-02-15.wav,fearful,15
3.2699375,0.3188854489164087,151.54655679380298,16.42333756538511,131.93732440090096,224.3843886619403,92.44706426103934,0.010360593011803386,31.95271413931214,24.04250645977328,63.72742810050396,-20.291757195782786,8.814666212038398,6.8178849818460785,03-01-06-01-02-01-15.wav,fearful,15
3.3032916666666665,0.3211009174311927,171.98646860942867,29.479180943400465,112.00043108808993,235.4593744997699,123.45894341167997,0.009873351239931502,37.00009196233632,18.29575031242964,65.27865910533356,-6.290251515623639,7.581588815482976,6.281015993801743,03-01-06-01-02-02-15.wav,fearful,15
3.3366666666666664,0.31212121212121213,176.73447071412858,18.28345858046899,136.22737206942705,214.16765878112943,77.94028671170238,0.02664597250710194,38.354317167174955,21.27413615450373,73.197461561887,-0.9129292447727171,7.539588213513124,4.9767423959817245,03-01-06-02-01-01-15.wav,fearful,15
3.4701458333333335,0.33430232558139533,228.99364868455896,37.91331568658673,183.6103151128879,362.52393770817656,178.91362259528867,0.03696454397597466,40.36509721284597,23.401785321161697,75.37391240133196,-4.022926611168046,9.860372880890912,5.290500506493499,03-01-06-02-01-02-15.wav,fearful,15
3.3700208333333332,0.30538922155688625,161.1102449053889,25.39146803888871,133.25901444572025,211.7567395877851,78.49772514206484,0.019222116894572233,40.100829363998024,19.773017616008925,72.00071271799551,1.1087887926210134,6.8883473697810205,5.736466812931774,03-01-06-02-02-01-15.wav,fearful,15
3.5035,0.345821325648415,184.5829012662387,14.293328419344666,132.01644642813585,214.65306690729463,82.63662047915878,0.032138440610104374,34.10049885906408,27.56397562023948,74.927828685519,-20.72053663665008,8.453886942275101,5.783430599448091,03-01-06-02-02-02-15.wav,fearful,15
3.7370625,0.35135135135135137,153.05685020296002,50.5585602853261,76.70128834340137,504.90373788634,428.20244954293867,0.008186795515197009,32.41943719533801,21.57930551850601,63.982063954327195,-15.588921299051998,8.119977827539804,5.705449719602176,03-01-07-01-01-01-15.wav,disgust,15
3.6369583333333333,0.3277777777777778,132.35359198152148,29.77601120073242,99.38549643779423,219.4665129060755,120.08101646828128,0.006660775712235685,30.09802615534734,19.791124602019792,64.1038575767623,-8.298302573659731,8.635723174869499,5.606223906887983,03-01-07-01-01-02-15.wav,disgust,15
3.6703333333333332,0.3873626373626374,138.0840852363648,36.07024961152464,97.44115163599118,236.82822246010568,139.38707082411452,0.008106688749226069,33.56031138268759,20.212951305949826,63.02925778403578,-4.781247744993105,6.723102103631512,5.7514174572311445,03-01-07-01-02-01-15.wav,disgust,15
4.070729166666666,0.38366336633663367,170.48145639026302,76.8902433161682,95.1455401610364,591.1756861243223,496.0301459632859,0.012489986205286565,35.82423851902781,21.337299942234058,67.51703868610792,-1.4564361269210369,9.621901946293882,6.7657591450681025,03-01-07-01-02-02-15.wav,disgust,15
3.7036875,0.32697547683923706,183.2206850343391,85.68268771027341,96.03058183328902,573.2582519856209,477.2276701523318,0.014437284151569989,33.752848460791874,21.381844581343074,67.77225825685213,-2.607651967951507,8.835801880341439,4.9608205928484725,03-01-07-02-01-01-15.wav,disgust,15
3.370041666666667,0.33532934131736525,126.87396538875323,31.326085100651294,85.24964696592447,204.31689804136383,119.06725107543936,0.009608985782784797,38.26711761995599,15.73872154080382,64.4498998572753,3.148798783057243,7.967507793393282,5.002745133769865,03-01-07-02-01-02-15.wav,disgust,15
3.3033125,0.363914373088685,135.78198553860813,31.65477765269129,102.65437180951923,209.01729217929437,106.36292036977514,0.014652826397820659,40.17627903580773,19.68875420539192,65.76289544109387,-2.0733591763121613,7.369141515327741,5.116495989344079,03-01-07-02-02-01-15.wav,disgust,15
3.4701458333333335,0.35755813953488375,183.44272488147897,40.597240961486136,114.52039135727557,262.60187396013305,148.08148260285748,0.013647003839626175,36.04033616038997,21.502800225621705,66.74237001309032,-3.5789364157129455,7.571422882542842,5.234301642711311,03-01-07-02-02-02-15.wav,disgust,15
3.636979166666667,0.35833333333333334,130.193339905077,21.273524964234475,97.24862848703735,174.88605699055455,77.6374285035172,0.010138922789825531,35.868262923104915,19.112923912230336,66.10289749425952,-12.902619054209703,9.293962304541022,4.9376495619462135,03-01-08-01-01-01-15.wav,surprised,15
3.4367708333333336,0.2852941176470588,168.05698823316158,47.10730618606943,110.62535978094598,311.7477085715727,201.1223487906267,0.01163105598942002,30.38174185602691,21.260009553383536,68.98465057977114,-6.123312019023055,8.700562557901923,4.400451198388485,03-01-08-01-01-02-15.wav,surprised,15
3.703708333333333,0.30517711171662126,156.3765992735745,79.8804890642751,107.08994434759846,490.3392664990941,383.2493221514956,0.009018993473888562,30.20087087982125,22.118077008272763,62.77558621143928,-7.685459666369332,7.52372221355512,4.655155874713876,03-01-08-01-02-01-15.wav,surprised,15
3.370041666666667,0.3323353293413174,182.28057811297077,49.11190373788031,110.59428014515674,325.77696337378296,215.18268322862622,0.009776793456090288,30.076735933861997,21.441897167603788,64.44015950710404,-0.27007985665515155,8.245821716360167,5.15082502368242,03-01-08-01-02-02-15.wav,surprised,15
3.3700208333333332,0.3143712574850299,169.6121859522367,31.005419548809964,94.78778262565804,228.53931561016472,133.7515329845067,0.024751187120966273,32.02002165479491,25.712522240949188,73.50714252046333,-2.17658907059008,8.010715345119834,4.716445714530773,03-01-08-02-01-01-15.wav,surprised,15
3.3032916666666665,0.2324159021406728,147.52277478990393,20.442294888962216,108.33321355930877,191.9739198676982,83.64070630838944,0.014544220829317002,32.45393143460741,22.1848263874305,68.29682528682669,-10.88784259760974,5.820383553250928,3.7984167947408443,03-01-08-02-01-02-15.wav,surprised,15
3.2032083333333334,0.24921135646687698,131.15830280024,21.625382353262573,103.02738327634319,192.86270561123393,89.83532233489075,0.010359553103713238,30.46867422699347,19.99925262630527,65.53950096635994,4.266797921330171,6.909408207792444,5.049774343596051,03-01-08-02-02-01-15.wav,surprised,15
3.3366666666666664,0.2818181818181818,136.56373546982223,24.83768976297319,93.53900705830802,176.39486708022528,82.85586002191727,0.014030502073558321,32.831390239457704,22.685000612146858,67.76642590608317,-13.075557873908108,5.691431166873688,5.268025594760571,03-01-08-02-02-02-15.wav,surprised,15
3.7370625,0.37027027027027026,178.21013134536,28.48223218586376,117.82699478044007,242.8581711514358,125.03117637099574,0.004810894649539594,-26.22180494019584,122.7976276326504,59.90931731455287,-300.0,10.583061450953716,7.817777255673169,03-01-01-01-01-01-16.wav,neutral,16
3.7370833333333335,0.33513513513513515,188.6918626028488,29.68033085194157,76.303798290168,252.75660026912502,176.452801978957,0.005181801664596957,-20.230120039239853,116.6996065789685,59.410689762766665,-300.0,11.076491707484799,8.092070079335995,03-01-01-01-01-02-16.wav,neutral,16
3.6036041666666665,0.3697478991596639,196.8723295081156,39.521703778548826,127.5123052725441,278.5447831839348,151.03247791139069,0.007714126139919226,11.478136855940981,71.41258308947353,62.00755153631164,-300.0,9.120476855387539,7.414468129220749,03-01-01-01-02-01-16.wav,neutral,16
3.5702291666666666,0.3502824858757062,195.91326906053413,29.784027520364727,142.54735217304378,265.3000297699498,122.75267759690601,0.007373023281424501,-20.540920366389447,119.18980734352334,62.843030740958156,-300.0,11.341848320272925,8.05453693743836,03-01-01-01-02-02-16.wav,neutral,16
3.703708333333333,0.34877384196185285,212.99494197924005,38.47566883968484,148.8488271408624,292.3145761904023,143.4657490495399,0.011802268588478404,-29.04156052119399,130.31330262180703,68.21390471063322,-300.0,11.724647081165854,6.976931383175105,03-01-03-01-01-01-16.wav,happy,16
3.6703333333333332,0.3543956043956044,252.71971332024734,62.15513214578241,146.95030234324275,349.82852762196364,202.8782252787209,0.013755392262030097,26.353951100990333,28.489592971060485,68.6488074665647,-20.967775718664146,11.026147715450586,7.297191247851719,03-01-03-01-01-02-16.wav,happy,16
3.7370625,0.372972972972973,203.19438021595857,35.37084158665536,146.45899485456874,273.2545650356654,126.79557018109665,0.01180076733093671,27.687855803973743,26.834783120145687,69.11662581137713,-5.8832185979558655,10.386742029302608,6.490275009923572,03-01-03-01-02-01-16.wav,happy,16
3.6703333333333332,0.34065934065934067,217.44502011156845,33.91980426927777,117.63273866231528,279.7549337050042,162.12219504268893,0.012504715782013696,-28.001755109830505,130.65822588702167,69.17974121581767,-300.0,9.708457663851867,7.312749253078071,03-01-03-01-02-02-16.wav,happy,16
3.7704375,0.3716577540106952,263.79165055528,50.04975353366502,165.82132339870276,355.7844889624449,189.96316556374217,0.019506178749556277,-5.4716466316664345,108.81517265577516,70.41945441546704,-300.0,11.278749317584639,7.518624478740429,03-01-03-02-01-01-16.wav,happy,16
3.5702291666666666,0.327683615819209,286.7191547617014,64.53457319539409,157.8493529145505,394.5557445082474,236.7063915936969,0.03616260350087371,34.73339112188102,27.830439782046927,79.49944902948856,-16.32307260016325,11.743921179127566,7.1481319532436824,03-01-03-02-01-02-16.wav,happy,16
3.7704166666666667,0.3663101604278075,252.36538200628624,45.70272726201748,165.13494327007504,346.4712581086308,181.33631483855578,0.0226565672279031,13.243993687816833,80.11338347589945,71.47683322033072,-300.0,9.488645206017296,6.962657091255794,03-01-03-02-02-01-16.wav,happy,16
3.8038125,0.33687002652519893,214.31012898271294,36.121191548587696,156.72461304432227,273.99466085127324,117.27004780695097,0.019254414219372643,6.7244541814275065,93.76585084009311,72.78001794601481,-300.0,9.218573863882074,7.7846726448200725,03-01-03-02-02-02-16.wav,happy,16
3.5702291666666666,0.3361581920903955,216.71066650206944,30.65328036638745,159.56956587230073,277.5954756332273,118.02590976092657,0.005550309496634378,-5.1865345628327875,92.19959493302174,60.05899125069937,-300.0,10.532812936678987,7.100655113533616,03-01-04-01-01-01-16.wav,sad,16
3.6369583333333333,0.3611111111111111,214.198585932496,52.948399597626256,149.83069656471548,327.84977024414354,178.01907367942806,0.00485014013657498,-2.9999409227695786,93.27523536300461,60.331234842629144,-300.0,12.095759802730534,7.206199983313507,03-01-04-01-01-02-16.wav,sad,16
3.4034166666666668,0.3323442136498516,197.943657792066,27.945070030669637,156.4258168530042,254.40814073283292,97.98232387982873,0.005643179231166195,-19.948808284719377,114.04882252656327,59.14882180587568,-300.0,10.528451450932488,7.216159614017528,03-01-04-01-02-01-16.wav,sad,16
3.5035,0.3631123919308357,206.8069573832139,25.34181938003034,162.00476981517278,277.7750540408903,115.77028422571755,0.00492525722193977,-46.28220574918743,139.70943560992745,59.926041801638306,-300.0,11.79048198105459,8.056068131414488,03-01-04-01-02-02-16.wav,sad,16
3.7370625,0.35135135135135137,218.23623891570656,34.530313463807616,95.94240076721339,289.6118831524547,193.66948238524134,0.0070790047053446575,6.1316912174005545,87.992692706925,63.52666412942278,-300.0,11.04929717580982,8.06518360992934,03-01-04-02-01-01-16.wav,sad,16
3.8038125,0.3076923076923077,290.0032639659233,96.53376834250346,214.2417309772175,598.5034063169206,384.2616753397032,0.005839720236202847,-31.441504737551426,130.35249857481935,61.67821393190053,-300.0,10.112755851199337,7.837382148305818,03-01-04-02-01-02-16.wav,sad,16
3.8705416666666665,0.328125,253.3637772309653,51.368502555755676,153.26105563020846,549.2414905950596,395.98043496485116,0.008880344777405458,27.389228953941046,25.171724155864673,64.88242457974815,-11.888377459947286,11.174533699248638,7.673211827536105,03-01-04-02-02-01-16.wav,sad,16
3.7370625,0.3324324324324324,265.27140223337057,59.398914048651946,168.36283516269643,552.8577754386943,384.4949402759978,0.009449479246460842,29.147253572829054,25.827726203542763,63.59174219268042,-19.559071574578724,9.880009792266533,8.784796768881758,03-01-04-02-02-02-16.wav,sad,16
3.970645833333333,0.3553299492385787,234.07447282965856,50.11837035246129,142.80989156348838,344.86071010876435,202.05081854527597,0.020926402149232862,-30.000414010030486,138.17075274510995,71.64939892085968,-300.0,9.235430744248173,6.518058284988155,03-01-05-01-01-01-16.wav,angry,16
4.004,0.3123425692695214,236.7710045636306,34.69183549591701,171.48140124065065,320.4328312127455,148.95142997209484,0.02731573853322407,18.114475569646793,71.70511565640297,76.83901265474614,-300.0,9.49591721312999,7.142416662749875,03-01-05-01-01-02-16.wav,angry,16
3.9038958333333333,0.3152454780361757,238.48311009139815,45.951807952336026,164.67954279911856,349.10491928757375,184.42537648845519,0.020417223254334347,-8.947047538845023,114.00369474357998,73.08576613753188,-300.0,6.175126696666905,6.095437928062596,03-01-05-01-02-01-16.wav,angry,16
3.9038958333333333,0.3488372093023256,227.3987388658624,45.030740794330214,154.58493257616678,337.78541142950587,183.2004788533391,0.03058950339489639,10.449219503134175,95.1777221522386,75.57139318770024,-300.0,7.640185688967772,6.728479591041116,03-01-05-01-02-02-16.wav,angry,16
3.970645833333333,0.33756345177664976,293.03948070767075,63.80165611595562,155.6072425572737,581.1213219981543,425.51407944088055,0.04564144638647337,-5.92663883141515,119.13658270649167,80.23946511560294,-300.0,9.130794340009189,6.437245366399512,03-01-05-02-01-01-16.wav,angry,16
3.7370625,0.31351351351351353,331.69372876939093,80.93509808447605,166.36001399236247,479.9525617716599,313.59254777929743,0.07493684950178467,3.784214762463679,108.66255549313108,86.43911416102122,-300.0,11.035851076080395,4.522986191952136,03-01-05-02-01-02-16.wav,angry,16
3.8037916666666667,0.33156498673740054,323.39837684241724,66.71169479745058,167.9583270885391,444.7792336630615,276.8209065745224,0.0697729706996333,-1.275228921993667,114.70849970959381,82.31489761798024,-300.0,8.343233728296637,6.4841633638977125,03-01-05-02-02-01-16.wav,angry,16
4.07075,0.3094059405940594,289.70854157108596,44.94412635952659,176.42008651813094,403.7636136357524,227.34352711762145,0.051997127384958576,10.115115267730754,98.43560408650838,79.81132528241434,-300.0,8.935705548073646,6.914513220937856,03-01-05-02-02-02-16.wav,angry,16
3.7036875,0.34877384196185285,274.83051662952107,49.815771003950225,174.4636878673174,373.11988781545244,198.65619994813505,0.014614983655733377,-5.620280022247154,105.11784831938951,70.3400338484579,-300.0,12.418052352408921,7.005857000551284,03-01-06-01-01-01-16.wav,fearful,16
3.5035,0.30835734870317005,235.6712296345341,38.01037270239685,163.57575394163405,298.09174667768474,134.5159927360507,0.010408088235607882,-49.13413843642074,145.26131268556293,66.41608557745835,-300.0,12.244582548064855,7.692910947286146,03-01-06-01-01-02-16.wav,fearful,16
3.6369583333333333,0.33055555555555555,227.09833231134147,38.8921996519418,145.5114903063783,306.4115478110776,160.90005750469928,0.011405936200824373,27.008587206538312,26.888074463426218,68.44430754449081,-25.119782464164253,10.43926350082586,7.556110509802176,03-01-06-01-02-01-16.wav,fearful,16
3.5702291666666666,0.3474576271186441,259.6688685249579,46.306257640763306,161.39071562243527,400.218645128522,238.82792950608672,0.015295548248004467,-31.630007817776097,136.7120579190423,69.64440618869234,-300.0,10.483049026955047,8.234903782903654,03-01-06-01-02-02-16.wav,fearful,16
3.7370625,0.32432432432432434,388.97696187360947,72.84529222081684,264.5133268511249,536.050512298937,271.5371854478121,0.05279034045773318,11.01144178978364,104.64253155318544,82.4860816947641,-300.0,12.337768098183522,6.969150891428307,03-01-06-02-01-01-16.wav,fearful,16
3.7370625,0.34324324324324323,436.5982044458507,68.52223906054678,342.1836850178046,597.8846362718486,255.70095125404407,0.07615830998087082,42.630054082504735,26.78191678415742,84.326608244844,-0.9670559631779068,12.252229298563261,7.578470664366143,03-01-06-02-01-02-16.wav,fearful,16
3.5368541666666666,0.3457142857142857,408.15724808651134,71.99987556667153,286.66726737928553,581.3269243532092,294.65965697392363,0.06309333593096296,41.20462438385476,31.05167740941151,82.0414134408992,-56.25067605743305,9.669192663446676,7.1673082847704315,03-01-06-02-02-01-16.wav,fearful,16
3.5035,0.3314121037463977,400.11455255687133,98.82371967005858,163.8988231001416,594.0023948688121,430.10357176867046,0.06995749666828455,30.72203322586297,70.85221812038628,83.19500916502136,-300.0,9.195250168739273,7.558825632548432,03-01-06-02-02-02-16.wav,fearful,16
3.7704375,0.3181818181818182,212.31362318387698,47.80679177114991,135.84910603524972,348.7019673295684,212.85286129431867,0.0072071622815017495,-32.73797179239215,133.00864747030056,62.748489109698355,-300.0,10.39158213299284,7.853880800620489,03-01-07-01-01-01-16.wav,disgust,16
3.7370625,0.28378378378378377,211.96442715946083,49.2282155008758,157.1557087253828,347.22020558603094,190.06449686064815,0.008322686871881594,-27.19288012796534,129.87333383790516,64.39887170526322,-300.0,9.466619695898991,7.706743971187076,03-01-07-01-01-02-16.wav,disgust,16
3.470125,0.3372093023255814,207.00374782309328,39.3013716426554,160.4116507028838,315.55038282167754,155.13873211879374,0.008488640183782791,-37.22459561350681,134.05304551931982,63.706887225132405,-300.0,9.51737694314804,6.976215244407893,03-01-07-01-02-01-16.wav,disgust,16
3.5702291666666666,0.3389830508474576,210.9481044086923,34.325694739002095,139.1802147435782,280.79550535383714,141.61529061025894,0.011820782891148228,-7.7013371215686774,109.08211977291208,67.3043715037422,-300.0,8.914129908772308,6.6907304442508915,03-01-07-01-02-02-16.wav,disgust,16
4.2709166666666665,0.32547169811320753,192.43777942301264,23.82450813477287,97.87384380759315,236.49136553828671,138.61752173069357,0.007716067408058475,22.74289431217544,44.20130375775485,64.62129901837625,-300.0,8.112318339732012,8.614618840745655,03-01-07-02-01-01-16.wav,disgust,16
4.237583333333333,0.30238095238095236,217.95049976427788,41.4171245800521,142.00365595732654,327.9999831069828,185.99632714965628,0.010073821794245432,-19.59471510792835,124.91362681442698,68.69003165022717,-300.0,8.63320085953305,7.575316552214833,03-01-07-02-01-02-16.wav,disgust,16
4.137458333333333,0.35121951219512193,202.78682243016158,50.464903465327275,147.12343711022322,527.6661084578349,380.54267134761164,0.013713692048671795,16.357431900062856,76.76578219021538,65.71114262720275,-300.0,8.242325145514622,7.317670926609068,03-01-07-02-02-01-16.wav,disgust,16
4.137479166666667,0.35853658536585364,221.32619358632493,27.572596638949776,153.96447456057038,263.880216952303,109.9157423917326,0.01617098753485566,5.743893192357857,93.89704628033876,69.67952377606188,-300.0,10.44177717884887,8.547431835542914,03-01-07-02-02-02-16.wav,disgust,16
3.536875,0.3314285714285714,260.26427811405205,62.68837351964253,157.7942034176678,390.2183623508172,232.42415893314939,0.010121829377475867,-41.47931899984059,138.02445405003147,65.82674885562153,-300.0,9.646146705497257,7.130287168997551,03-01-08-01-01-01-16.wav,surprised,16
3.43675,0.2911764705882353,313.81238439950397,82.72424065691551,171.9649761566888,482.87525982682905,310.91028367014025,0.015606419938963096,4.888563959991942,85.27608673045715,70.23346731716731,-300.0,8.760200358604582,6.104552926208907,03-01-08-01-01-02-16.wav,surprised,16
3.5035,0.3256484149855908,288.32727094997523,84.5302573683125,158.8280259907583,490.680359840942,331.8523338501837,0.016391849001835285,-7.282281027971285,104.22201882679344,68.90119790906044,-300.0,7.562533857921787,6.172735288809394,03-01-08-01-02-01-16.wav,surprised,16
3.4367708333333336,0.3176470588235294,328.06155697251603,99.55822155963168,163.86066671604178,511.30734781968664,347.4466811036449,0.025147244356306768,-32.56418404049248,136.52145867771407,71.31760689098104,-300.0,8.631504856391981,6.668474027614864,03-01-08-01-02-02-16.wav,surprised,16
3.536875,0.30857142857142855,302.9969832554182,91.839376111487,161.76446472880295,534.1904033516954,372.42593862289243,0.015314472025630983,-32.78496606661904,134.23034506868876,71.11673849619635,-300.0,10.007643123808919,6.85086216614326,03-01-08-02-01-01-16.wav,surprised,16
3.5368541666666666,0.3142857142857143,311.57119855915664,98.84155426576491,147.54562378318698,527.9635690073196,380.4179452241326,0.02074668852992737,-17.33641001026058,121.11012985906738,71.75353305548201,-300.0,9.084690220836059,6.453863896451977,03-01-08-02-01-02-16.wav,surprised,16
3.57025,0.3446327683615819,340.1594143508229,103.80854811345573,185.47559033040704,595.8352716665859,410.3596813361788,0.02859189642003494,32.789968188498094,28.83649209748551,74.02250039185057,-5.488601971320658,7.411032442968174,5.874499302116695,03-01-08-02-02-01-16.wav,surprised,16
3.5702291666666666,0.3389830508474576,329.5245475266691,105.44071304371145,161.82536470286723,556.6475896027113,394.82222489984406,0.022819152822219312,-24.262750783014113,129.73865694044602,71.19148143625705,-300.0,8.352157369020185,6.810795627832426,03-01-08-02-02-02-16.wav,surprised,16
3.8371666666666666,0.3736842105263158,110.29416498581736,15.192274501280071,84.05213726076659,153.35998606133577,69.30784880056919,0.0066871069530697914,28.77180419365141,20.17221563568777,62.26255352941876,0.9037623681041045,11.771569675204155,5.783101178003443,03-01-01-01-01-01-17.wav,neutral,17
3.5035,0.34870317002881845,109.77380287417664,14.388841308768255,88.57455500663905,185.80998178804307,97.23542678140403,0.006861320670427931,26.08102124538554,21.202678739509775,62.56603228803287,-2.601619319350391,8.388663909320115,5.425901731499968,03-01-01-01-01-02-17.wav,neutral,17
3.5035,0.3573487031700288,112.34585491750822,12.744347958527603,82.97823843155699,136.7493783065117,53.7711398749547,0.0080383643239169,28.161544132245176,22.030087908917118,62.66521763626288,-1.7558289257090507,9.682594749665832,5.317386642266269,03-01-01-01-02-01-17.wav,neutral,17
3.470125,0.3546511627906977,107.92199100149617,7.936376996384091,89.01198053349941,135.0419151597567,46.0299346262573,0.00799597023990057,28.232207941470097,21.419515879760556,63.4287017644689,0.44890022718691514,10.361077707805487,6.310276582268352,03-01-01-01-02-02-17.wav,neutral,17
3.470125,0.34593023255813954,152.98188658165887,40.21108957338,85.31994344392345,209.88036666396312,124.56042322003967,0.009990664877461234,28.31824830280093,22.178177184201637,66.62582127726549,-0.5884563750452322,11.709179785940703,6.078207434434492,03-01-03-01-01-01-17.wav,happy,17
3.536875,0.3485714285714286,171.2172619849691,38.23885374480536,79.48285669561511,245.08622240535905,165.60336570974394,0.013006983019178348,31.68280218140353,21.577528390435024,68.12830497717353,1.0799166679273848,12.635328030936048,6.468665227651456,03-01-03-01-01-02-17.wav,happy,17
3.4701458333333335,0.31976744186046513,153.192843758929,43.23723849081713,78.39795944816045,240.85112516865826,162.4531657204978,0.01699261006138084,30.22191377551357,24.618389732870188,70.1759002182335,-9.91976092012413,8.178133151079166,6.099060747700093,03-01-03-01-02-01-17.wav,happy,17
3.5368541666666666,0.37142857142857144,146.82815815279642,25.49222469820975,85.99418133747686,194.4578278126738,108.46364647519694,0.014215699667490438,34.449046197184984,20.466329904578128,67.47456810858151,1.8561156646900172,9.802605317042458,6.452268341922657,03-01-03-01-02-02-17.wav,happy,17
3.7370625,0.33513513513513515,255.1594741467745,46.32051364709738,165.10955483376102,346.61548564147284,181.50593080771182,0.03406738555250157,34.577984536304335,25.423564598474705,76.37735154014553,-0.5680119673151324,12.24179715052787,6.787037834989239,03-01-03-02-01-01-17.wav,happy,17
4.104104166666667,0.3415233415233415,261.18277567746713,72.88748585228642,77.75680899776269,398.6648398506514,320.9080308528887,0.0551457844673071,38.89637643490407,25.169688565762257,82.41697319032741,3.247836535939828,12.608859684215023,6.832581963859265,03-01-03-02-01-02-17.wav,happy,17
3.7370625,0.327027027027027,250.5786386090917,60.213275777889336,89.55770067554158,343.0776855210748,253.5199848455332,0.029338419360695863,38.913740992419115,23.533196747336248,74.00571517506884,-0.6837743089959442,9.814527249413945,7.802202985864597,03-01-03-02-02-01-17.wav,happy,17
3.8037916666666667,0.35278514588859416,234.58251998070887,83.42249753313288,104.7397875427159,377.5163156947653,272.7765281520494,0.030370923679210064,36.44193848428066,25.210394908070146,74.7044640633791,-5.405387816100688,9.687309341375151,7.325076884631456,03-01-03-02-02-02-17.wav,happy,17
3.6703333333333332,0.3159340659340659,123.45840812511612,23.703393046494988,83.24343892548417,182.1923538499819,98.94891492449774,0.009706180414746367,28.506604585732607,21.12760799651116,65.91411567449262,0.2726621454235761,9.354662414611274,6.259943246373519,03-01-04-01-01-01-17.wav,sad,17
3.5035,0.30547550432276654,134.33384531662065,23.278271966859613,103.81281104103546,187.701849837253,83.88903879621755,0.011521522495023032,30.871939827997526,20.088181868067046,68.76684896270191,-1.6486975198124156,11.09273526338418,5.114283746465584,03-01-04-01-01-02-17.wav,sad,17
3.5702291666666666,0.3361581920903955,114.45880482668301,13.195139643255,91.1146476220885,153.75230171880153,62.637654096713035,0.007763270455506553,28.1521801354276,20.589603955032505,63.46314857384547,-2.0020431202530515,9.240106164065386,5.702924878332262,03-01-04-01-02-01-17.wav,sad,17
3.6036041666666665,0.29971988795518206,122.78538639904923,19.436945787874418,77.43143233656616,177.42308766712767,99.99165533056151,0.01147853552800151,30.11810595404551,21.387953116411104,67.5101900689364,1.716512506044781,7.7546069737054255,4.640048987746374,03-01-04-01-02-02-17.wav,sad,17
3.6703333333333332,0.2692307692307692,156.7895704012157,23.826433991614728,121.31185217147866,211.4632609674296,90.15140879595093,0.019404044604691445,35.712571425077854,20.805489063652228,73.71932497371662,3.3091827571712678,9.780406839627487,4.8497275058336085,03-01-04-02-01-01-17.wav,sad,17
3.703708333333333,0.28065395095367845,149.02803549707764,26.569668895875864,114.20420808110302,215.20923531203567,101.00502723093265,0.01717102685127235,32.70378781784678,21.493608151268823,73.85343951347456,-4.757155898564825,10.499653391763195,4.730733518087901,03-01-04-02-01-02-17.wav,sad,17
3.6036041666666665,0.29411764705882354,138.90841879216052,18.677727452176466,107.448538077843,194.20008554032427,86.75154746248127,0.016319663558234943,36.88061516303098,19.261796536878627,70.79102464781401,2.9851679971690626,7.595578299464785,5.800355172783624,03-01-04-02-02-01-17.wav,sad,17
3.5702291666666666,0.2824858757062147,144.50137238180417,20.70012015247732,110.32411435901916,190.58749535367494,80.26338099465578,0.016655551228734314,32.93875750705935,20.798072499829953,71.03232692259022,0.22649853727444572,8.341202284913397,4.179835305756526,03-01-04-02-02-02-17.wav,sad,17
3.4701458333333335,0.20348837209302326,107.438245391115,18.193683420849684,85.70567242443951,149.8079483423865,64.102275917947,0.005577474951610726,24.43435526921906,19.220983295947097,64.21294627643053,-3.6004548371952967,5.541463660195902,5.614964061335282,03-01-05-01-01-01-17.wav,angry,17
3.703708333333333,0.2670299727520436,110.15988096958571,14.337302432508777,86.2533338528929,147.36184614822056,61.10851229532767,0.008913936469765647,29.592123956695932,19.54856505437808,68.4442776143417,-5.880288875857538,10.075861051368264,6.665694384171208,03-01-05-01-01-02-17.wav,angry,17
3.6036041666666665,0.3165266106442577,118.46626852099688,14.654875999918763,90.08494801876358,151.30879449442662,61.22384647566304,0.015564035896333678,30.66145320689718,23.044704200029965,68.64193521250482,-2.9745150199844232,6.596191213932012,5.845138570604561,03-01-05-01-02-01-17.wav,angry,17
3.536875,0.30857142857142855,112.23396272484,17.833160921932812,89.5510766019238,180.6720789930339,91.1210023911101,0.008899201354636769,28.211957503062024,21.177240846170204,65.11440646460264,-4.06292820268066,5.960919666093101,5.996450792440258,03-01-05-01-02-02-17.wav,angry,17
3.5035,0.2420749279538905,196.10068411222613,95.28726371648061,92.49401112625121,556.0187655582605,463.5247544320093,0.048692229842365084,36.354630662531065,25.23350154860272,80.58801574436367,3.174692053403839,7.288709109647789,5.2105109339241,03-01-05-02-01-01-17.wav,angry,17
3.7370625,0.3081081081081081,244.58890042380983,100.12544593445253,155.5511596198622,599.792455900462,444.2412962805997,0.08215047875855319,41.966052502145864,26.465830604292126,83.59014381713158,-4.74995390563,9.143172745517113,5.309003521890635,03-01-05-02-01-02-17.wav,angry,17
3.636979166666667,0.2833333333333333,200.19973230901888,83.13294304530129,136.55865121334315,593.6313274112536,457.07267619791037,0.0549117708568405,36.60328187378738,27.36508970062382,78.850662763062,-6.166860244220141,8.921756942432546,4.7536413573458445,03-01-05-02-02-01-17.wav,angry,17
3.8038125,0.29442970822281167,192.46432718372995,47.99936697842662,109.16813869413343,469.746022661004,360.57788396687056,0.05430742412734141,41.141884083787346,24.630591226296694,79.06038977369025,1.866904273366192,10.296269389089247,6.302897463426446,03-01-05-02-02-02-17.wav,angry,17
3.470125,0.27906976744186046,151.8315007644237,29.6263933698186,118.70655453104013,213.39232383759585,94.68576930655573,0.018023631206365194,32.5689729382073,21.175177199576655,73.358413432859,1.397070470248292,11.094742571071302,5.726569640347394,03-01-06-01-01-01-17.wav,fearful,17
3.5035,0.29394812680115273,159.40032719025518,18.951143250666444,119.9585916657498,210.14133131684585,90.18273965109606,0.022838948276347908,36.976372636536496,20.70321046659514,73.02784942830574,6.4159859524696135,9.882437116118046,6.481898971096049,03-01-06-01-01-02-17.wav,fearful,17
3.536875,0.28285714285714286,149.19578161958867,18.037577295693293,108.04209356698018,191.96002080898467,83.91792724200448,0.02356126146626211,41.749663733391486,17.013049989980438,73.72513668080967,10.826857345214624,10.043066968510193,4.616061048275644,03-01-06-01-02-01-17.wav,fearful,17
3.6369583333333333,0.25277777777777777,248.07344037973283,69.62693132376984,158.10670357135024,588.493732858352,430.3870292870018,0.06210616300732303,42.448939005720476,24.365803417490277,83.61937160074312,3.3903094863246865,8.349979601578044,5.46223865349841,03-01-06-01-02-02-17.wav,fearful,17
3.703708333333333,0.29155313351498635,273.30144445880285,58.794334925480065,180.2045660608973,443.9875939395384,263.78302787864106,0.08446737659178687,44.525995460520775,23.551574576693856,85.8911795187651,6.76802610576683,9.535160610201899,5.351715604609622,03-01-06-02-01-01-17.wav,fearful,17
3.7370625,0.2648648648648649,273.44689888140846,55.53991305538566,173.8882504184107,369.68676100219886,195.79851058378816,0.0578248941831711,41.346891935886234,25.334731440766355,81.58463269272033,-1.7112224321394525,8.44525561757538,4.843503028981869,03-01-06-02-01-02-17.wav,fearful,17
3.6703333333333332,0.25,270.309278957584,84.68490085559883,91.8211140056372,594.1892841815289,502.36817017589175,0.059966834763761204,39.60537738862621,25.088538930307905,81.41416334170205,-1.7987137168718985,7.139149229143326,5.796748950278548,03-01-06-02-02-01-17.wav,fearful,17
3.8371666666666666,0.25,256.45305618321873,68.28625457274548,146.6170024023053,368.7671328467796,222.15013044447429,0.05561156070824902,44.4023713620955,22.55467175201544,80.35741409320154,-4.403836175997416,7.693075021242587,6.0683887044265505,03-01-06-02-02-02-17.wav,fearful,17
3.8371666666666666,0.24473684210526317,159.99928256344208,101.10645377462522,89.84474721798013,551.1778836443488,461.33313642636864,0.009808758002536864,27.015509452332964,21.235515871171014,68.09283633601027,-3.448473939494536,8.73700043228551,5.728354123926876,03-01-07-01-01-01-17.wav,disgust,17
3.703708333333333,0.2561307901907357,174.5942895097564,95.3919223561828,94.96992323120261,536.532789412779,441.5628661815764,0.011964733973660624,27.314997786345266,21.461483494691148,68.18181618662324,-6.809732216478016,8.237222988418738,5.172530330902685,03-01-07-01-01-02-17.wav,disgust,17
3.5702291666666666,0.24858757062146894,122.4319865856363,22.69596234101331,76.32552947688885,162.67025928146424,86.3447298045754,0.013679939628066556,27.64678552587313,22.244263218529227,71.31087909762178,-4.567967873216288,6.381359690811553,5.9672745759415085,03-01-07-01-02-01-17.wav,disgust,17
3.5035,0.25936599423631124,118.71002176820095,18.778334830175748,88.04305411875345,166.43769914470462,78.39464502595118,0.0075877987477333585,29.9985760068603,19.087346091404665,63.269622035959905,4.5809837740351185,6.851124389197522,7.4526292049586855,03-01-07-01-02-02-17.wav,disgust,17
4.204208333333334,0.23741007194244604,208.37069290143046,67.05237282198829,101.03615899991416,318.3132935038713,217.27713450395714,0.019263043490403187,30.998099437397144,22.50264322216391,73.76495030451699,-5.214073124784041,9.377498866096792,8.016618858328206,03-01-07-02-01-01-17.wav,disgust,17
4.170833333333333,0.26811594202898553,239.84871396086982,126.39812798030749,104.53769129847849,594.9903973841816,490.45270608570314,0.015829849916752473,31.214119135706987,22.573027182571604,71.24113655684867,0.5883632569765711,8.309071097901088,7.164339568375373,03-01-07-02-01-02-17.wav,disgust,17
4.471145833333333,0.1891891891891892,230.09814802542502,74.90940066772471,100.97335110113352,437.5731939397078,336.59984283857426,0.013628808494216119,36.47780064195184,18.625967352027338,70.13003581302092,-2.8160529342008123,6.581969561741402,7.294056945114901,03-01-07-02-02-01-17.wav,disgust,17
4.604604166666666,0.2844638949671772,192.11549876363884,58.73003818335877,93.41239886134389,278.7254100795168,185.3130112181729,0.015775418666430844,34.84303716593934,20.791593561590222,70.6779137809477,-3.2138483775627713,9.701605050118934,7.729261517715395,03-01-07-02-02-02-17.wav,disgust,17
3.403395833333333,0.2997032640949555,217.91413750265,83.57295763204723,90.27723303515232,331.863057856554,241.58582482140167,0.016006238505307628,29.230546976059394,24.048740982754296,69.52516487195203,-4.432888674392718,9.039062011560956,6.172615931556956,03-01-08-01-01-01-17.wav,surprised,17
3.6369583333333333,0.24444444444444444,202.9002672725848,60.92182380473322,123.15555883722516,309.43548703405963,186.27992819683448,0.015107116749908141,32.98113504916447,21.63871471403275,67.3523428356897,-0.2730420996776644,8.837999698535794,7.719122939418086,03-01-08-01-01-02-17.wav,surprised,17
3.370041666666667,0.30538922155688625,223.7605628353831,60.65551454844793,110.71297804359736,329.16268523047665,218.4497071868793,0.011278054304965793,31.885908580696526,21.98007848608058,67.07795820535205,-4.512419139537878,9.57626057221027,8.050567662023948,03-01-08-01-02-01-17.wav,surprised,17
3.4367708333333336,0.29411764705882354,185.00358511086594,43.78250099141047,120.15770398807285,271.0778474018908,150.92014341381793,0.013736330207039944,34.03843601146122,20.048933633374165,69.05810646787836,4.597560013999903,9.338796405112307,6.7569853467475705,03-01-08-01-02-02-17.wav,surprised,17
3.536875,0.28285714285714286,221.99712398010863,52.50446230376564,143.84769787005973,326.2713383757384,182.4236405056787,0.022444999469735823,36.68593588004534,22.903783174235752,71.40630163959887,0.6120841506814227,9.186312747546923,6.506359541544498,03-01-08-02-01-01-17.wav,surprised,17
3.6703333333333332,0.2857142857142857,228.66849857540953,74.9636397581962,120.7731153791664,386.2146760799643,265.44156070079794,0.022786583400885928,39.96016109406608,20.429439296245224,71.46070423958007,4.896621347299711,9.682779173241808,7.550508428371368,03-01-08-02-01-02-17.wav,surprised,17
3.4367708333333336,0.2823529411764706,247.32178533441348,60.26933054542468,163.39544023136872,369.9341071237447,206.53866689237597,0.03546016990653125,38.833116274631166,23.212244433775968,79.14121257367731,-4.878192857972213,8.872314060380647,6.933742780664408,03-01-08-02-02-01-17.wav,surprised,17
3.5368541666666666,0.3057142857142857,231.50521390299292,71.88225588962467,79.16973207922477,337.43082578589025,258.26109370666546,0.03149679885139579,39.265406480439076,24.524441181872287,74.34119746587223,-0.8001763948821037,7.909167242292361,6.891090161766337,03-01-08-02-02-02-17.wav,surprised,17
3.4701458333333335,0.40988372093023256,176.98993934278198,9.213187006477973,164.89370417552885,220.8521933881989,55.95848921267006,0.002830810159370837,5.118786770882077,57.112452217562534,51.0804161088256,-300.0,14.045454925772239,7.949056961287691,03-01-01-01-01-01-18.wav,neutral,18
3.536875,0.4,177.08113589902672,11.403014650782401,163.641077975987,218.43401170906017,54.79293373307317,0.0032749235701751136,-5.036847362019173,79.86899593095846,53.56834059802494,-300.0,13.925862753284667,7.328932173270989,03-01-01-01-01-02-18.wav,neutral,18
3.470125,0.38953488372093026,183.23120000231907,18.19445782825682,150.45778006799517,217.16291364042888,66.70513357243371,0.0029177486344764626,5.5820196715197685,50.2789718744653,50.79211019849651,-300.0,14.271933812861558,8.048931402730169,03-01-01-01-02-01-18.wav,neutral,18
3.4701458333333335,0.3866279069767442,174.417998740909,12.069508731619301,149.84162393662507,206.5408153723642,56.699191435739124,0.003095000948051984,5.969511853503754,53.254258696158495,51.053583472457106,-300.0,14.795541159808417,8.154490047920406,03-01-01-01-02-02-18.wav,neutral,18
3.403395833333333,0.3649851632047478,242.7760750502534,45.454751487721445,161.07770993412825,320.79920916789456,159.7214992337663,0.009707128246819874,13.452887152007078,49.318538197812835,67.17377967772879,-300.0,12.412877485586662,6.713288000276196,03-01-03-01-01-01-18.wav,happy,18
3.3700208333333332,0.3473053892215569,262.9434337032967,29.790669222918407,193.67620090382638,317.8525801328298,124.17637922900343,0.008175968695849672,17.850708123667765,36.54262161909866,61.06116677085717,-300.0,11.264824284020913,6.828844078438448,03-01-03-01-01-02-18.wav,happy,18
3.43675,0.40294117647058825,207.50116871349954,40.8317291589953,149.34903632083223,317.07761567445476,167.72857935362254,0.00607126186106985,3.8180422588625635,72.66321441396234,57.74051870554167,-300.0,12.407092453823086,6.321700422045449,03-01-03-01-02-01-18.wav,happy,18
3.5035,0.40057636887608067,242.50658585472405,47.608217160572146,154.3933659155964,335.3607250393522,180.96735912375578,0.007011344146393029,5.231907668746823,71.11819344312859,59.66819326189516,-300.0,11.8531681495937,6.775630821354275,03-01-03-01-02-02-18.wav,happy,18
3.7704375,0.35294117647058826,476.0435530199245,51.94112894156682,333.637005129274,555.0985036033761,221.46149847410214,0.07115807359037107,29.073813250148195,42.5917911565332,85.64634052763004,-300.0,16.28627240943375,8.845176679237628,03-01-03-02-01-01-18.wav,happy,18
3.93725,0.32564102564102565,446.2207573042853,70.1247640280888,267.70211759509084,546.838230473836,279.13611287874517,0.05143708730843774,28.07923819908344,50.5757325627086,81.69144546615628,-300.0,13.716091831620844,8.943450793269845,03-01-03-02-01-02-18.wav,happy,18
3.7704375,0.32887700534759357,451.76968515340417,52.57940880844752,338.2801059554389,585.410926158196,247.13082020275715,0.04323432308044328,26.044045287469974,54.81036903301184,77.58434553017193,-300.0,14.162857693723936,6.885427206795075,03-01-03-02-02-01-18.wav,happy,18
3.8371666666666666,0.3526315789473684,464.85929431563335,49.29795833427133,347.3687002756761,569.2970982559558,221.92839798027973,0.07232299194082614,23.579454919569855,65.84509317706203,84.50440305179761,-300.0,16.104256172453226,9.315938975832507,03-01-03-02-02-02-18.wav,happy,18
3.5702291666666666,0.3700564971751412,237.0266438302527,39.70196510730343,76.64219701000451,299.4401628745703,222.7979658645658,0.008046717460791452,17.516286201058932,34.76375639285934,61.73693038302179,-59.82332968054592,15.130251005734594,8.186150910784109,03-01-04-01-01-01-18.wav,sad,18
3.6369583333333333,0.37222222222222223,242.13518521848988,36.03941819718634,173.1656918087105,313.32427149972773,140.15857969101722,0.006993964837999295,15.082948554710784,45.150334297116245,60.32495824767779,-300.0,14.606836626540888,8.000561668661634,03-01-04-01-01-02-18.wav,sad,18
3.536875,0.38571428571428573,196.83694054525034,20.839582859645823,159.43591117987862,248.04214811992168,88.60623694004306,0.004865032069220004,14.032515421790864,36.47559982028141,57.07346954011449,-300.0,15.330911547323844,9.39057776898138,03-01-04-01-02-01-18.wav,sad,18
3.6369583333333333,0.4083333333333333,206.66279521395566,23.538908794877763,162.25717779192786,249.14058256936926,86.8834047774414,0.006131923259148343,-0.7074849330858293,81.77517669011316,57.79682276831228,-300.0,15.979070517270662,8.691244400153519,03-01-04-01-02-02-18.wav,sad,18
3.8037916666666667,0.38992042440318303,429.96044351353703,69.01208470176094,296.581968974508,563.3958440467261,266.8138750722181,0.028135115855674814,30.665150145763416,33.58488153356621,73.70236311603048,-63.78431066887234,15.472040906470042,7.616827169960604,03-01-04-02-01-01-18.wav,sad,18
3.8371666666666666,0.3684210526315789,399.5433623139203,63.696937790171106,294.9257156099834,532.8319741718731,237.90625856188967,0.0286297453461292,30.302618809256746,38.39892226699955,75.73173566535269,-300.0,14.49947769282264,7.334392096293344,03-01-04-02-01-02-18.wav,sad,18
4.137479166666667,0.3975609756097561,340.94458451730776,47.39429615533023,254.32463356943975,540.6431290292908,286.318495459851,0.02745583183222432,32.28846194236187,35.5556031829994,77.31581982726759,-300.0,16.03246329271589,7.345061193357735,03-01-04-02-02-01-18.wav,sad,18
3.8371666666666666,0.39473684210526316,351.3590966645989,54.2881017286144,262.4710219893044,498.642114773403,236.17109278409862,0.023603982837359004,30.774023445370144,36.42610514108304,72.3138017804728,-300.0,12.88857721631802,7.350186690510578,03-01-04-02-02-02-18.wav,sad,18
3.9038958333333333,0.34108527131782945,236.69036851192024,53.84636692168803,125.47291518326244,343.32496485799965,217.8520496747372,0.015051304054802692,20.014362767618362,44.20004403273437,71.07055904341011,-300.0,11.57565547763415,7.32114314136944,03-01-05-01-01-01-18.wav,angry,18
4.170833333333333,0.3140096618357488,225.58000302175176,42.154788966551784,129.03386666253905,321.8382969477949,192.80443028525585,0.011464273788705947,28.138304842103416,28.627419445616976,66.07605115269016,-41.96978191002679,10.570654359396608,7.597291778385282,03-01-05-01-01-02-18.wav,angry,18
3.5702291666666666,0.3305084745762712,260.8263232773945,57.13109363198776,153.61713715526577,392.8465656222749,239.22942846700914,0.01960913427220693,20.347444366650656,45.201415155666446,69.96236722410895,-300.0,9.320190885464108,7.261786269965383,03-01-05-01-02-01-18.wav,angry,18
3.636979166666667,0.36666666666666664,247.39618420487787,54.10557339318428,122.06922626809539,356.730371073982,234.66114480588658,0.014669674037404155,16.511862540638585,55.03849281807646,66.67096708523226,-300.0,10.949834339362456,7.473774261358612,03-01-05-01-02-02-18.wav,angry,18
3.703708333333333,0.30517711171662126,461.02384076205215,64.62147886510881,291.03152135150646,541.9798582676102,250.94833691610376,0.10111256772902756,30.233920054838766,37.78958250946367,87.92386538223793,-28.19091229044162,15.055700403523957,7.13107828769585,03-01-05-02-01-01-18.wav,angry,18
3.7704375,0.339572192513369,523.9119728898859,45.898732925758814,301.0806355879601,596.9432258014332,295.8625902134731,0.125725324833825,29.27823554964563,42.02096101007472,88.13957708877133,-61.62161800779832,16.35697057899939,8.612149945703573,03-01-05-02-01-02-18.wav,angry,18
3.8371666666666666,0.3473684210526316,476.5839037446112,66.43728246237313,292.69588388832557,554.7582466700188,262.06236278169325,0.10706822099145016,29.936194938600146,42.09144535163137,88.04127772422406,-66.07558090325983,14.507075382683334,7.457156768482098,03-01-05-02-02-01-18.wav,angry,18
4.2375625,0.3357142857142857,488.86994087939166,50.072135061333384,341.99614801447143,584.1757778410547,242.17962982658327,0.12098493375512344,31.345093942899496,41.22531659032391,86.75123319315799,-63.25717802897873,14.553783775094734,8.517445094218093,03-01-05-02-02-02-18.wav,angry,18
3.4367708333333336,0.34705882352941175,282.0657174365011,40.14483043462941,110.81768947216318,350.5785294367724,239.7608399646092,0.01439545756514394,21.694699187272434,34.6562587764558,66.30205910361907,-54.88982695159863,11.751560643549057,7.571676962432868,03-01-06-01-01-01-18.wav,fearful,18
3.403395833333333,0.34124629080118696,278.9410443443018,43.11936965881855,76.43750714199449,334.7888268871941,258.3513197451996,0.011864294990802141,17.960690323518982,36.065688138279484,64.86093694915469,-63.822299809360565,12.646182238302012,8.133489662509831,03-01-06-01-01-02-18.wav,fearful,18
3.470125,0.3313953488372093,252.57463573895822,23.412966167012588,201.9138757938426,296.30532157700895,94.39144578316635,0.009757245463901486,8.211210543448635,71.9955459258714,64.06017046406004,-300.0,12.496553178947698,8.636687578096737,03-01-06-01-02-01-18.wav,fearful,18
3.4701458333333335,0.36627906976744184,265.14208982836305,39.649173160136556,189.88123386676438,368.55553083340436,178.67429696664,0.011389132209030777,25.5818831508183,45.78783341213373,64.64859236203365,-300.0,12.149175820857325,7.324218710901368,03-01-06-01-02-02-18.wav,fearful,18
3.7370833333333335,0.2972972972972973,384.25114580938276,47.66575324680323,288.0713343262109,490.2416828366844,202.1703485104735,0.03104235052493154,31.230799613798947,31.05927024210708,75.78840745334949,-24.32797563654203,10.677891497039088,7.2823186187039495,03-01-06-02-01-01-18.wav,fearful,18
4.170833333333333,0.30193236714975846,388.1114778605766,56.301611137847125,305.2795917187126,548.9399899296174,243.66039821090476,0.04476693845787727,29.40217346972718,34.49693549176351,79.58079017164118,-48.437293714036265,13.632315411690593,7.019794122821721,03-01-06-02-01-02-18.wav,fearful,18
3.8038125,0.29973474801061006,354.6006069453274,33.11656710271363,269.76075078713717,416.8707931692542,147.11004238211706,0.02155208341872313,14.535169640231315,70.79186541092774,73.09232560088671,-300.0,11.37685094261601,8.102231724549416,03-01-06-02-02-01-18.wav,fearful,18
3.8037916666666667,0.35543766578249336,375.711017042253,64.39505775384323,131.64688645244084,534.1651669238686,402.5182804714277,0.03486713617783512,31.404087351054507,32.123093950677294,77.62550965203849,-52.58084774749702,12.124958200216627,6.421182322362223,03-01-06-02-02-02-18.wav,fearful,18
4.3043125,0.2576112412177986,215.53884458275124,34.66298072737164,136.223549379757,290.3106787310489,154.08712935129188,0.008515402014115816,15.359356114408568,53.27224748644829,64.82186468152449,-300.0,8.780421204992694,7.012639660859762,03-01-07-01-01-01-18.wav,disgust,18
4.07075,0.2995049504950495,225.65245128385266,39.28279824720503,120.26178595731386,311.0928986223134,190.83111266499952,0.013823996594629169,17.01364430447215,50.10966485559804,72.02987433231762,-300.0,12.98022508652601,6.077966135703019,03-01-07-01-01-02-18.wav,disgust,18
3.6703333333333332,0.3159340659340659,224.0648080284814,45.307110246372304,134.96062528761428,325.4026390971748,190.44201380956054,0.011941234522299293,23.815972995263593,36.500778818985374,64.36303599357325,-300.0,7.77950690882909,7.083622052921401,03-01-07-01-02-01-18.wav,disgust,18
4.371041666666667,0.3271889400921659,233.26690888999406,37.68085259153871,166.44996467812368,303.41863100209184,136.96866632396816,0.014173785408624046,12.05931623715213,75.18989815504753,67.44676929711761,-300.0,10.789002867930625,7.445851346143983,03-01-07-01-02-02-18.wav,disgust,18
4.771416666666667,0.29535864978902954,347.68996694871583,56.4253603538376,132.49337303126538,437.77265230368886,305.2792792724235,0.02947866361580445,23.291773724581752,53.22285145726105,78.1719975993239,-300.0,11.38879104058422,5.550124273204087,03-01-07-02-01-01-18.wav,disgust,18
4.471145833333333,0.31981981981981983,301.6784051326254,43.507474643553074,172.71832905423796,363.7292801369805,191.01095108274254,0.030653314444098138,18.581470341202248,53.55139637678397,77.17179291781787,-300.0,12.816911830650415,6.261708452641738,03-01-07-02-01-02-18.wav,disgust,18
4.637958333333334,0.30217391304347824,296.5689332713969,38.11425557422329,215.47468239450242,362.7811201318489,147.3064377373465,0.02822400152079545,28.89578602973545,34.74142655340911,77.01215957497271,-38.61476461954119,10.260627878195399,6.865047447789437,03-01-07-02-02-01-18.wav,disgust,18
4.571229166666667,0.31057268722466963,331.6943977269824,57.91232845279369,229.8247875200834,424.09696178192405,194.27217426184066,0.037152549710090015,26.99069561677272,39.547825010444136,79.6115754567967,-300.0,13.100441878878284,7.161780742525312,03-01-07-02-02-02-18.wav,disgust,18
3.3700208333333332,0.344311377245509,247.74055549821784,61.759944990087114,78.62302278121385,408.7371355680397,330.1141127868259,0.006071118973113894,15.730200920132585,37.05397955244873,59.91944691314166,-300.0,11.487266334522575,6.6383882108459344,03-01-08-01-01-01-18.wav,surprised,18
3.5035,0.3746397694524496,220.52491500479664,48.33531949760282,151.25185755635698,361.29124138641936,210.03938383006238,0.005616259302396253,15.78414590941414,33.24241051652267,57.58522649854334,-63.46711322386299,10.67885893755636,6.871100216206223,03-01-08-01-01-02-18.wav,surprised,18
3.5035,0.3688760806916426,237.5685131294145,68.65117638726903,130.36294484238428,432.8250684039847,302.4621235616004,0.008609724652559022,11.889723368300007,57.947488544839274,61.78229804637183,-300.0,11.702797282600642,6.757234374545647,03-01-08-01-02-01-18.wav,surprised,18
3.5035,0.37175792507204614,235.82656106202458,64.09785681089188,84.89215536283879,398.9628240204071,314.07066865756826,0.005398551887558452,12.79833247918789,42.83612585730503,57.95262382889553,-300.0,10.675007379232897,7.358285032796353,03-01-08-01-02-02-18.wav,surprised,18
3.636979166666667,0.32222222222222224,278.76960584164544,50.935950762847455,208.76676170642554,443.50811325562063,234.7413515491951,0.008787930699917344,10.475728195421793,63.49347882356,64.6565890231534,-300.0,7.839226944356869,7.073595159568995,03-01-08-02-01-01-18.wav,surprised,18
3.536875,0.3457142857142857,268.24608857350484,52.42831170040866,188.138325384681,444.8597825251584,256.72145714047736,0.009933215341085405,14.76428541828749,44.84733985542917,63.595560620336,-300.0,10.704523942595953,7.853760206536838,03-01-08-02-01-02-18.wav,surprised,18
3.8705416666666665,0.359375,277.6332650275252,78.70617439621745,116.84268280903107,499.2674667556604,382.4247839466293,0.01222088850852369,9.435155837859437,76.41189888288041,64.30111487789037,-300.0,9.893497383289054,7.318815311395171,03-01-08-02-02-01-18.wav,surprised,18
3.6369583333333333,0.35833333333333334,291.235168531748,57.57352026573755,207.41917012595374,485.82204772272826,278.4028775967745,0.009659349474275467,13.563473663222252,58.96961984416748,62.23803528971908,-300.0,9.666208929163751,6.638929311849532,03-01-08-02-02-02-18.wav,surprised,18
3.370041666666667,0.37425149700598803,120.5922187569577,11.557830381755231,81.86602081192353,142.66873603463722,60.80271522271369,0.003692914504729334,23.199988064576804,21.161520088758053,54.419684438461275,-17.885301865872442,12.070418161911565,6.273297236689898,03-01-01-01-01-01-19.wav,neutral,19
3.2365625,0.39375,125.83100722431212,22.78701292891826,82.96123102284115,208.2446900605004,125.28345903765926,0.00350844027848712,23.967822062898975,21.077694691815275,54.662291237524194,-18.11673794551882,12.261647200553018,6.805082177196012,03-01-01-01-01-02-19.wav,neutral,19
3.3366666666666664,0.34545454545454546,119.15228105269394,14.728667919926966,85.94637197128364,152.9460436321188,66.99967166083516,0.0033627310276685696,23.421277384772626,20.726453319707343,53.778472311774685,-9.802270144838822,11.095657671716456,7.270134582942476,03-01-01-01-02-01-19.wav,neutral,19
3.3032916666666665,0.345565749235474,122.6061443966206,22.63408560559281,84.30250445175088,168.7481086513478,84.44560419959691,0.00415001569164153,23.33244102471756,21.771385248057104,57.166080353479806,-16.36568827027341,11.532408580489605,7.606492649125063,03-01-01-01-02-02-19.wav,neutral,19
3.6369583333333333,0.4638888888888889,146.25401626504566,22.9183139950477,80.98903134800007,178.3171222850365,97.32809093703644,0.004558018146032856,27.43723288623546,22.465819525811117,56.74466086099861,-16.76413850226686,11.01480043434654,5.6229355869810425,03-01-03-01-01-01-19.wav,happy,19
3.703708333333333,0.40599455040871935,175.96731284501652,37.90254816158322,98.18467712380503,266.9276392394555,168.74296211565047,0.00637478912056995,31.74247300345338,19.472570168399848,60.351232936934366,-11.056836731534045,9.019012194434064,4.636031788072717,03-01-03-01-01-02-19.wav,happy,19
3.2699375,0.3560371517027864,174.35236376634313,42.040107267054545,104.44996293123658,280.40316278218245,175.95319985094585,0.0036321727333818755,26.955114101124465,19.612358295579604,55.448316950914005,-16.367718081190688,9.328098034786992,6.203645186918156,03-01-03-01-02-01-19.wav,happy,19
3.3033125,0.36085626911314983,166.95206138647524,54.844615035459185,132.05590116816197,579.1388798089843,447.08297864082226,0.005521703404175028,30.738918623453895,19.49858492323519,58.91359972738342,-23.27881455221011,10.152071688928034,5.900769036937198,03-01-03-01-02-02-19.wav,happy,19
3.7704375,0.37433155080213903,187.27163789695203,71.90250973072772,75.19631512630967,312.22196997535804,237.02565484904835,0.009522991119676067,32.19851116974684,21.599621726995075,65.1084456158029,-6.6753261423640575,11.751901934047131,5.251888977537756,03-01-03-02-01-01-19.wav,happy,19
3.8037916666666667,0.46684350132625996,262.4392571820849,31.194206255997486,133.50309331894852,356.0914006149409,222.58830729599237,0.01453157104225011,38.92519020828124,20.290007445907612,68.24171196790536,-0.06385472230698977,12.42978883793719,7.116904641949229,03-01-03-02-01-02-19.wav,happy,19
4.404395833333333,0.39359267734553777,237.30638301437494,61.57402269850305,110.97641381937514,530.4973140357381,419.520900216363,0.020164841090769128,40.76019453158168,21.695900019555346,72.15803389301408,-0.4203778810792636,10.080740797224411,7.685247162839422,03-01-03-02-02-01-19.wav,happy,19
4.004,0.4080604534005038,174.84741935143128,40.896054642166426,87.6701035761022,243.0121849803366,155.3420814042344,0.010058816424355563,30.48040673866248,25.950297937442187,63.148479525862726,-23.210042623598643,10.358954130090149,6.688849949662739,03-01-03-02-02-02-19.wav,happy,19
3.4367708333333336,0.3911764705882353,114.633887782621,19.960648258180278,79.74683412964409,153.3607886226647,73.61395449302061,0.002573803117489866,23.001681909027546,19.17412043671528,53.17990338993568,-6.993971916909125,11.171129109864781,6.626115971325151,03-01-04-01-01-01-19.wav,sad,19
3.6703333333333332,0.3489010989010989,113.98670079670114,14.446472751643745,85.92630927356244,157.72724217541443,71.800932901852,0.0017842978123149195,20.266595262693595,19.665139273248318,47.90175059107773,-23.151637508733828,8.259757083392707,6.627662247276623,03-01-04-01-01-02-19.wav,sad,19
3.1698333333333335,0.38977635782747605,108.94169496493791,15.924748986539436,87.92183508143648,166.57120440653588,78.6493693250994,0.002961411443097155,22.22195273549272,20.442680558577578,55.27321410627807,-19.61833959740963,10.089389698330844,6.022234278609773,03-01-04-01-02-01-19.wav,sad,19
3.6703333333333332,0.4340659340659341,104.55788940136563,14.496649379090856,82.70069394195768,136.20009510254826,53.49940116059058,0.0027916723868047495,23.642447956766304,21.330520365562716,52.4351305977429,-20.27546112725464,12.555302719177023,6.441669668600525,03-01-04-01-02-02-19.wav,sad,19
4.004,0.2947103274559194,243.92470544132073,70.27182241165968,158.63324655825588,517.0680379186423,358.4347913603864,0.018118684163915277,36.52779158327712,23.278839836794567,69.8387694845965,-27.900918898207134,7.084698755656789,6.423816260582273,03-01-04-02-01-01-19.wav,sad,19
3.703708333333333,0.2561307901907357,180.44021260629825,46.99906514043224,78.69215652270373,370.11138427762,291.4192277549163,0.005289938776563691,27.450337981209575,20.713227949682963,59.84314695104015,-15.834739537411235,5.78895897964066,5.904237173816289,03-01-04-02-01-02-19.wav,sad,19
3.4034166666666668,0.36795252225519287,161.04100446022397,31.992106602131685,115.45924361022936,269.90565688835625,154.4464132781269,0.00616383743502255,28.821466060768152,20.545620087473683,62.36575928950104,-9.633412977932252,10.988121340448888,5.271614237262501,03-01-04-02-02-01-19.wav,sad,19
3.7370833333333335,0.4,207.54333730480585,106.6453057039206,75.44055041488083,587.8693331085832,512.4287826937024,0.009464363509258169,35.57566254038898,17.52145671323741,64.47204305301548,4.098654906462526,10.258294532413473,5.112691530768296,03-01-04-02-02-02-19.wav,sad,19
3.7704375,0.28342245989304815,205.95711981043743,74.15359588960352,96.73645568950718,425.6055450706917,328.8690893811845,0.017126803097300212,14.681985282329363,80.66382677598841,70.93230460190152,-300.0,6.820513115804377,4.8489584082428605,03-01-05-01-01-01-19.wav,angry,19
3.703708333333333,0.25885558583106266,148.04215969000543,26.05401133947103,91.87467041600475,197.8018343573582,105.92716394135344,0.014371189479120451,31.586622094319498,22.998698202312035,69.71046050835191,-6.1016913297075694,10.934919297004647,6.3230056472712945,03-01-05-01-01-02-19.wav,angry,19
3.3033125,0.25688073394495414,154.242371330809,63.61211419356197,87.63394976290866,279.0323655758131,191.39841581290446,0.01086718276335387,24.811067268992627,24.06412848157428,69.77522632318697,-17.164596279188306,8.025494577381105,4.67133751040522,03-01-05-01-02-01-19.wav,angry,19
3.5702291666666666,0.3050847457627119,174.06591845146872,29.06169320517455,99.00245127798469,227.99722624986663,128.99477497188195,0.01610449688272757,34.02946787411064,23.199057951729866,70.8076361187204,-6.79015091495862,7.454311331084459,6.802982234598175,03-01-05-01-02-02-19.wav,angry,19
3.970645833333333,0.31218274111675126,300.9906487102654,56.06258232240282,166.8697138926336,493.8137272880648,326.94401339543117,0.06664146443166935,35.68495947532892,32.918241327091565,84.08601820791665,-21.010511071256897,6.563301281194588,3.764121446702893,03-01-05-02-01-01-19.wav,angry,19
4.804791666666667,0.4109014675052411,316.48880478152904,50.71760003796232,145.64091634603824,394.1225836564342,248.48166731039595,0.10413389502414523,46.325913436017444,30.587771842282187,83.34740122980797,-10.94707044795795,7.941610602419199,4.905718523986155,03-01-05-02-01-02-19.wav,angry,19
4.337666666666666,0.40930232558139534,297.1133601143093,75.36016681222625,138.80143068702304,400.4794955020603,261.67806481503726,0.14010956882056433,50.63589556569724,27.084276880142543,88.83708444561223,3.910406074956538,7.5589080845709375,4.330919383113056,03-01-05-02-02-01-19.wav,angry,19
4.104104166666667,0.36855036855036855,290.8336281823804,62.011248702895934,144.10733955729194,505.8413621687237,361.7340226114318,0.06502536978846533,37.281668223699945,33.37428751098108,82.01023671588275,-19.474652639158506,8.943784873291959,4.544110853855975,03-01-05-02-02-02-19.wav,angry,19
3.7036875,0.4141689373297003,166.28633852352377,27.989339690533168,81.96124557791886,239.70144409075263,157.74019851283379,0.007211648360324782,29.266811437465194,23.54902424304924,60.4812021556181,-16.156075202138076,9.382399605420707,6.45163834082689,03-01-06-01-01-01-19.wav,fearful,19
3.5035,0.34293948126801155,194.27191544947914,54.86131842982088,132.19724532679214,588.6527290326352,456.45548370584305,0.005575182429950163,27.946634408265705,22.024748389564127,58.80279225238523,-18.845272948192672,9.459533058014935,7.638153427070334,03-01-06-01-01-02-19.wav,fearful,19
3.7704375,0.32620320855614976,224.76624067743606,36.30206039142739,161.89750539309873,300.9040416116053,139.00653621850657,0.006424350382650712,28.57712972082293,23.326571841093447,61.64830670762853,-23.521509799107392,8.552041843087599,7.946286844172352,03-01-06-01-02-01-19.wav,fearful,19
3.536875,0.3142857142857143,151.75404335929554,20.026044583250748,101.11466228745284,198.5392225125496,97.42456022509676,0.006210532639106534,28.477093583940498,21.46132169239998,60.872603507569806,-17.640123287291097,7.113003325830524,6.944761678348962,03-01-06-01-02-02-19.wav,fearful,19
3.8371666666666666,0.42105263157894735,345.93999916321,93.53866874110906,149.0654016241929,575.550360399974,426.48495877578114,0.022421096278397352,39.163840294211695,23.575545549497892,71.7704091477158,-16.172322336705665,11.64450253909756,6.551795376464156,03-01-06-02-01-01-19.wav,fearful,19
4.371020833333334,0.4216589861751152,414.4006690573706,103.49396745657033,283.51878794364126,594.5420935719421,311.0233056283009,0.05369482935497089,39.342704651154804,30.488042116913864,79.21045692529177,-16.989323378288855,14.761706921140416,7.813037206140467,03-01-06-02-01-02-19.wav,fearful,19
3.5702291666666666,0.3305084745762712,383.3560959399077,102.99102058199223,195.80646691718076,576.6035240280895,380.7970571109088,0.0382399802065015,38.683251800117645,25.280848068431236,79.42560373313569,-3.611206721349104,9.505604929033783,6.575478111003757,03-01-06-02-02-01-19.wav,fearful,19
4.037354166666667,0.375,372.07590244417275,70.84079728654082,209.44441014799895,580.6411616727527,371.1967515247537,0.044410589499721015,48.44868985160161,18.576919927039498,77.21918912757586,13.21261805204714,8.728400151989637,6.035187249378713,03-01-06-02-02-02-19.wav,fearful,19
4.3043125,0.24121779859484777,143.43270980439743,44.51177037880195,74.94896002152198,263.33991188755454,188.39095186603254,0.006274936370618078,30.604160995388572,18.518196990374953,64.74487345922762,-8.482718989465736,7.526137009310211,5.023495710298517,03-01-07-01-01-01-19.wav,disgust,19
4.838166666666667,0.33125,141.14982462068264,52.3914325351781,77.68069533991834,287.6288748116488,209.94817947173047,0.004844524506767478,30.321862843122695,20.23455972566249,60.788476695444935,-14.87483956931239,5.9790857373898545,6.5954566257512495,03-01-07-01-01-02-19.wav,disgust,19
4.170833333333333,0.28019323671497587,153.91176175538686,42.03095166103515,82.55751963598128,228.08207346273431,145.52455382675305,0.005530525288954714,30.283924176092835,19.300493318875144,61.35061749366712,-9.92707102201572,7.194135891762767,5.813962171685302,03-01-07-01-02-01-19.wav,disgust,19
3.9372708333333333,0.35128205128205126,198.3834446553635,97.69189622554103,95.09301781788511,577.9612160931088,482.8681982752237,0.007819651486833893,27.83506266939787,24.367005861762667,64.69234027343819,-16.135897010876324,8.537874646124333,5.883054298890111,03-01-07-01-02-02-19.wav,disgust,19
4.8048125,0.3018867924528302,275.7864683244146,115.89060319150457,87.64039798936696,573.3537173634684,485.7133193741014,0.013205961690498884,33.171291342768505,22.84925706161512,68.97534381938524,-29.51850202199557,10.716605398459588,9.875365783705341,03-01-07-02-01-01-19.wav,disgust,19
5.2719375,0.2919847328244275,255.4658758660373,70.98151683833828,76.32846012753838,463.4442191468883,387.1157590193499,0.018770179627877862,38.848979343942275,23.075417416190547,73.04974502011119,-28.78408041096332,6.858487480540405,7.205238896073295,03-01-07-02-01-02-19.wav,disgust,19
4.904895833333334,0.4004106776180698,332.7019456149822,70.85988752212168,132.33111166221937,473.7916299890902,341.46051832687084,0.035706120310128445,41.1451409841219,28.078150742766766,75.9302224691028,-25.07671440571095,7.537789970665734,6.977446218429422,03-01-07-02-02-01-19.wav,disgust,19
4.938270833333333,0.32040816326530613,245.82203201420361,70.62631662996121,83.468291579678,400.59956388147026,317.13127230179225,0.02912990906331405,43.04724711878141,22.358636423066407,74.02359720328509,1.1948746176226472,5.3874031742948745,7.056693628192343,03-01-07-02-02-02-19.wav,disgust,19
3.7370625,0.34054054054054056,139.95603324380212,29.22967700482664,75.29885389230132,240.21960642974557,164.92075253744423,0.005182305517771219,26.67452171908409,21.605017442456546,59.02361481731535,-12.711275297754991,8.785007210938582,5.512856592415778,03-01-08-01-01-01-19.wav,surprised,19
3.5368541666666666,0.37142857142857144,154.37387995359666,63.42279639017256,79.36091405684262,397.07362340410447,317.71270934726186,0.004912451812304433,25.15800191963119,23.128354490112173,58.98633253134839,-34.302569970002914,8.656019013606503,6.190512540772975,03-01-08-01-01-02-19.wav,surprised,19
4.1040833333333335,0.36609336609336607,129.01855135717182,38.610437258570926,85.0481696638037,332.8146030101374,247.76643334633366,0.004183894522599343,28.854492999479117,20.541288991682773,56.027117626331304,-17.17672756555284,7.175070623548016,6.7164585168030735,03-01-08-01-02-01-19.wav,surprised,19
3.06975,0.25742574257425743,161.1075167887312,83.49668973577397,81.04495473446104,380.70945980930225,299.6645050748412,0.0030419987133212395,19.053773868481013,21.518160046198542,53.6931163970891,-19.72285740878116,6.384464772482956,5.485250384959749,03-01-08-01-02-02-19.wav,surprised,19
4.104104166666667,0.4152334152334152,198.11748872805467,102.22726239032522,78.16878808100999,509.0454796379918,430.87669155698177,0.010427161932156826,32.54382389966328,23.468593093961584,67.09002634699026,-16.259289575322548,9.247675879311963,5.6837439731309845,03-01-08-02-01-01-19.wav,surprised,19
4.637979166666667,0.3456521739130435,205.11833354097425,122.40646197270395,101.77633095259675,579.9409847322312,478.1646537796344,0.010810244114380158,30.803679316834547,25.57153120772554,65.5998068472589,-30.271255231428515,6.596256836284105,5.513383416784315,03-01-08-02-01-02-19.wav,surprised,19
3.2365833333333334,0.3,181.23713154475135,98.48042428766045,90.173177267734,486.33512014773623,396.16194288000224,0.009144102312401302,32.52317754192667,20.31207293672978,65.86993464412014,-5.455480136071404,6.419914549599118,5.877208709712355,03-01-08-02-02-01-19.wav,surprised,19
3.2699375,0.3188854489164087,186.03058254443783,91.24933063808027,80.23276700957973,436.49910917020554,356.2663421606258,0.005254909140549633,25.138863788234314,22.81736673906336,58.45777440278498,-17.51627375205458,6.488266833268931,4.783366624803474,03-01-08-02-02-02-19.wav,surprised,19
3.470125,0.313953488372093,223.56091848648245,41.22459513940063,85.34679731417677,307.5922734907903,222.24547617661355,0.0026466048389199247,-54.440496546673664,138.56877094639268,53.017204839140526,-300.0,10.220149893791856,7.811063028900476,03-01-01-01-01-01-20.wav,neutral,20
3.5702291666666666,0.3644067796610169,241.22106863358835,63.36039289705003,75.95410851571297,350.3585358963757,274.40442738066275,0.0035309348299627985,-35.309024704544996,127.04622913777686,54.867587252699295,-300.0,11.209795127741812,7.075740922992764,03-01-01-01-01-02-20.wav,neutral,20
3.4367708333333336,0.3382352941176471,224.74229869569342,61.36837388538033,82.24988682140395,336.9044647731605,254.65457795175655,0.00325296378049224,-58.60838440926295,143.1871155429013,55.74134020709967,-300.0,9.806328816088437,6.997640475630096,03-01-01-01-02-01-20.wav,neutral,20
3.536875,0.3342857142857143,232.3886479245204,59.2126421841095,82.06585666401575,322.9887978407635,240.9229411767477,0.003548006717063719,-33.93219365059843,124.08323092944016,57.02428080940278,-300.0,10.614660608516695,7.9047647053392005,03-01-01-01-02-02-20.wav,neutral,20
3.536875,0.3514285714285714,293.5566284790917,85.71279510133321,98.12364198103218,483.5398477351979,385.41620575416573,0.014871155654570733,-44.82175305211087,142.535065707345,70.30375275521126,-300.0,12.318583205056719,6.811293218600792,03-01-03-01-01-01-20.wav,happy,20
3.7036875,0.3923705722070845,273.4675771558437,57.01283039345586,171.1900532084232,414.6527606624231,243.46270745399988,0.008188050825770905,-42.707320248329424,140.18675365082493,63.15757632480164,-300.0,13.345709455841087,6.379904206518162,03-01-03-01-01-02-20.wav,happy,20
3.470125,0.37209302325581395,212.16404827810675,32.10915044849217,150.5041922345114,270.84884896918095,120.34465673466954,0.007948691069814539,23.869021630776423,28.17072966106478,63.78416987871912,-57.90332765682133,12.356681769854163,8.467177156639343,03-01-03-01-02-01-20.wav,happy,20
3.403395833333333,0.3560830860534125,268.8713401228921,86.10984907600725,157.60649410945717,438.35208112842906,280.7455870189719,0.00588305192599743,-39.104242281477205,131.73322370915676,60.43364571322173,-300.0,11.47892915246426,7.1657183524091,03-01-03-01-02-02-20.wav,happy,20
3.6703333333333332,0.3791208791208791,336.4785269259473,87.39994514941769,156.82563877198427,497.0726808775166,340.2470421055323,0.02304741379943612,-39.99529841707115,141.77386818107428,71.96494204350739,-300.0,10.141055821651593,5.9785728716349045,03-01-03-02-01-01-20.wav,happy,20
4.304291666666667,0.3981264637002342,423.06115889803283,108.53584800345372,194.8149872752277,597.1809381639908,402.3659508887631,0.021419921777418846,6.31329378192598,106.45604730853769,70.95448595197512,-300.0,11.060483939937484,7.13899849673783,03-01-03-02-01-02-20.wav,happy,20
3.57025,0.3531073446327684,366.2417045556017,100.40452586455643,79.54219638458284,585.8537313848353,506.3115350002525,0.03901379429078461,-23.54455533679038,133.3799907295186,79.02526904317035,-300.0,10.103185245506923,4.983136716232549,03-01-03-02-02-01-20.wav,happy,20
3.703708333333333,0.36239782016348776,377.9860601319311,89.10785475116312,279.52515894561685,593.9100332354565,314.3848742898396,0.057180982907460966,33.67197266656343,34.41112372214183,83.31110541207194,-18.0773996816014,15.624565478356265,8.243816130168122,03-01-03-02-02-02-20.wav,happy,20
3.6035833333333334,0.3445378151260504,189.50952687323016,36.19816020457325,95.24373405513575,234.16565413701645,138.9219200818807,0.0012711234141558247,-9.685502792622502,91.38604828097417,45.3643485284819,-300.0,10.870726081142909,7.375760948612154,03-01-04-01-01-01-20.wav,sad,20
3.5035,0.28530259365994237,160.2883333599206,47.34008812184228,90.44279128972018,232.8698796180425,142.42708832832233,0.0006920408786076002,-71.03497675168806,141.67309695594489,40.43041033937233,-300.0,7.9381564032739504,6.393426722870304,03-01-04-01-01-02-20.wav,sad,20
3.470125,0.29069767441860467,169.99475907978515,44.848319659789965,84.28900301164144,222.31137303869346,138.02237002705203,0.0010188140003643887,-64.7740655244141,140.81312112288634,44.065374602387635,-300.0,7.16000375786276,8.467558844402177,03-01-04-01-02-01-20.wav,sad,20
3.370041666666667,0.281437125748503,129.31641416274832,46.24540864100614,78.55787360597131,227.54653315752722,148.9886595515559,0.0009579276224581671,-38.1455562283048,119.89917792354375,42.08438457959605,-300.0,6.782029921883889,6.494394177195008,03-01-04-01-02-02-20.wav,sad,20
3.7704375,0.32620320855614976,246.53286009753077,47.01288036263486,181.5257518573486,458.5422410256994,277.0164891683508,0.004930938742755952,-3.803078185051038,90.52153597575203,61.01057875608955,-300.0,17.567866827874514,8.71827546489869,03-01-04-02-01-01-20.wav,sad,20
4.2375625,0.4119047619047619,433.2524734472313,78.03260544420746,228.64930345081822,599.9308451424115,371.28154169159325,0.024458734183091184,34.12085947105928,28.4444867949268,75.29045416796765,-19.694632894342284,14.054039521767551,6.612317832848372,03-01-04-02-01-02-20.wav,sad,20
3.8038125,0.35543766578249336,270.1169515414002,82.9783605978931,118.21771340247918,520.6484418399414,402.4307284374622,0.003744264343827499,-32.57531649687327,121.22725502583909,57.56810690528731,-300.0,13.02106381514569,8.52211214076396,03-01-04-02-02-01-20.wav,sad,20
3.970625,0.38578680203045684,411.31260082932744,80.74309382127015,99.86828864858596,572.0189241958502,472.15063554726424,0.02156461989352033,2.361604115233219,105.32242141340501,73.52079724321081,-300.0,14.573839240667882,6.603185107138408,03-01-04-02-02-02-20.wav,sad,20
3.2365833333333334,0.33125,202.66258482537916,30.339651815265544,153.95095540423142,287.9447241970788,133.9937687928474,0.0032498236724428594,-65.34417333828645,144.2344301587144,56.06718020481041,-300.0,11.474422345202226,7.13030296391709,03-01-05-01-01-01-20.wav,angry,20
3.7370625,0.33783783783783783,318.55412813104823,60.92694057332679,146.68864496618286,408.7332429279951,262.0445979618122,0.012397340507765175,-44.787237000602076,141.9140237213843,69.66056305642569,-300.0,10.628425088745088,8.051511419978521,03-01-05-01-01-02-20.wav,angry,20
3.6703333333333332,0.33516483516483514,219.8633253940632,32.995882341175374,170.55077267681483,352.82741696224684,182.276644285432,0.007024828878734381,-7.87973631609935,101.65567527613301,61.567154776984495,-300.0,10.393778324103119,8.121306347853809,03-01-05-01-02-01-20.wav,angry,20
3.8037916666666667,0.33421750663129973,281.0987584129365,76.17211389467349,76.40315655456955,579.2644153760566,502.86125882148707,0.016317300634497767,30.355342419570484,40.840567348987186,71.41333798953264,-300.0,8.864009641556443,6.8618627855044005,03-01-05-01-02-02-20.wav,angry,20
4.137479166666667,0.2975609756097561,252.9590952822833,66.91700756315394,146.19315681697074,448.4360521955997,302.242895378629,0.034096647845846526,41.2219268888887,24.460885590076952,77.44125047974221,-7.702462565752484,7.0844761868729424,7.377609935038627,03-01-05-02-01-01-20.wav,angry,20
4.070729166666666,0.33910891089108913,367.2817604924203,90.3295739033443,194.71017353036424,532.0025228113225,337.2923492809582,0.1028309613503038,43.71456199176926,30.864065866507442,86.27316644346774,-37.335613991825596,9.778483137855986,6.803605248734417,03-01-05-02-01-02-20.wav,angry,20
4.404416666666667,0.3112128146453089,401.36476517306806,104.82510194576831,166.9884416224388,589.4280548150067,422.4396131925679,0.11930386644260553,2.402090352963187,119.39789842913083,90.38610254453728,-300.0,10.13609356421288,6.93182057326441,03-01-05-02-02-01-20.wav,angry,20
3.5368541666666666,0.2742857142857143,309.6878237992816,93.5243604291109,153.48499514402246,559.0584034626046,405.5734083185821,0.031453733896117414,30.950283717348192,29.60097613036975,78.27139827030007,-16.73202993401496,6.257627012934924,6.5984102205808535,03-01-05-02-02-02-20.wav,angry,20
3.8038125,0.22015915119363394,256.5520220390614,39.54514485915471,200.80738514986288,466.1334400997982,265.32605494993527,0.0032315814921869707,-55.86649270255674,134.76471411840777,58.59094441850881,-300.0,11.986987840414503,9.065966261945938,03-01-06-01-01-01-20.wav,fearful,20
4.371020833333334,0.2511520737327189,267.4290992269076,35.156487315724355,183.11495353861432,343.4973854021392,160.38243186352486,0.0037099813678030035,-47.48505907059817,130.48448044997164,57.54498851593879,-300.0,12.55037325633673,7.848671790445178,03-01-06-01-01-02-20.wav,fearful,20
3.9372708333333333,0.2358974358974359,230.1376927682122,37.93103007756308,93.24399569524735,269.18375618507713,175.93976048982978,0.002567967916812665,-53.630304922719944,135.05373765631754,55.00030789002579,-300.0,10.807362819508826,8.118133071753917,03-01-06-01-02-01-20.wav,fearful,20
3.3032916666666665,0.345565749235474,228.7720854353009,22.776807908839025,194.18139807522115,297.75541997195637,103.57402189673522,0.0017348563959353452,-44.567550627922486,131.0622416061906,48.066551325646174,-300.0,11.257148670701138,8.945238353228918,03-01-06-01-02-02-20.wav,fearful,20
4.2375625,0.29523809523809524,387.2880981395675,115.66136643321104,98.0600590729539,595.4656038886446,497.40554481569075,0.09063403427986048,50.41372975833989,19.307358323457976,85.81903942380927,7.232899292320793,9.176943932014288,6.801311684547304,03-01-06-02-01-01-20.wav,fearful,20
4.170833333333333,0.32608695652173914,419.6399963414745,99.06815740271807,169.41344212024427,599.0660119601829,429.6525698399386,0.08937420083152264,54.34853367759179,17.19492342942893,85.82623326568893,7.04975383271746,11.020643248381965,6.312813697782985,03-01-06-02-01-02-20.wav,fearful,20
3.8705416666666665,0.2838541666666667,374.92507679939916,110.71627856258476,82.1895052386374,533.2354618083356,451.0459565696982,0.12083975121793732,37.471126401551096,34.622271013161765,86.57409281378008,-7.922058261636327,8.576892976110862,7.501227855467803,03-01-06-02-02-01-20.wav,fearful,20
3.9039166666666665,0.34108527131782945,359.677084005466,97.84955992042087,78.55742361395833,593.013828649678,514.4564050357196,0.12580495377326784,48.23886504642455,23.175891983322394,90.79579752670051,3.1976495026891048,13.441628408739408,7.135751277019997,03-01-06-02-02-02-20.wav,fearful,20
3.8705208333333334,0.3333333333333333,247.7770158496723,66.02025766399102,75.40171555586916,375.71976382256975,300.3180482667006,0.005728330230043686,-41.81471447627748,138.23241952502323,59.94295969791623,-300.0,8.874648234943011,8.192142377604169,03-01-07-01-01-01-20.wav,disgust,20
3.7370625,0.25135135135135134,228.78985400184425,39.75838482431366,170.36260271563586,316.287632336121,145.92502962048516,0.00269972529217779,-18.9472849837065,112.51520335729491,54.81576347061904,-300.0,6.8762822958678775,7.575666582866006,03-01-07-01-01-02-20.wav,disgust,20
3.6369583333333333,0.3138888888888889,209.2162464268755,33.24498087618457,85.50644146117907,254.74740309480373,169.24096163362466,0.0034060575837589063,-36.15992688938735,129.01239816841706,53.588919088500894,-300.0,8.505137610930191,8.643708325635806,03-01-07-01-02-01-20.wav,disgust,20
3.8371666666666666,0.3394736842105263,204.4643577602226,42.861931653153476,75.38361802961111,285.8411743567386,210.45755632712746,0.0034150202621080123,-29.100694147165417,126.72850061927079,53.85184256196819,-300.0,7.71687949152003,8.053498462904711,03-01-07-01-02-02-20.wav,disgust,20
4.104104166666667,0.28501228501228504,315.360552724033,84.83254062969067,154.15834201757554,532.7846903248447,378.6263483072692,0.0057464242708430285,-28.228479849022314,125.16213128701632,59.41455294172742,-300.0,7.376126231263325,7.4101736500135535,03-01-07-02-01-01-20.wav,disgust,20
4.1040833333333335,0.257985257985258,287.42013866390266,43.32837694501806,202.3962999791472,397.5727572605828,195.17645728143563,0.010828198370900538,-9.842510971487396,101.9574843254513,69.31441616511208,-300.0,12.16402825418776,8.111441779189734,03-01-07-02-01-02-20.wav,disgust,20
4.7380625,0.3127659574468085,322.7836133466428,85.62372591795933,165.604646511007,504.7249613079196,339.1203147969126,0.01526756344760586,5.612967246199541,88.37001590697253,70.77631733317423,-300.0,9.236881991695835,5.957458461325102,03-01-07-02-02-01-20.wav,disgust,20
3.8705208333333334,0.3697916666666667,320.1416557385413,85.90972619274146,77.35971564246921,460.1125155834445,382.7527999409753,0.012879628579252409,13.408368603490448,87.48836355791934,67.62935191889542,-300.0,8.015378618132468,6.602955153294103,03-01-07-02-02-02-20.wav,disgust,20
3.2365833333333334,0.325,255.33395627455099,51.801116572401455,154.13366159468404,367.34238372276985,213.2087221280858,0.0065443594023053605,-56.84395392490393,144.852152183421,62.281709031525175,-300.0,10.40694047114374,7.416295939369955,03-01-08-01-01-01-20.wav,surprised,20
3.57025,0.3022598870056497,322.6163138356739,64.91349396307315,119.51499322973969,418.17689490373044,298.66190167399077,0.010943238588963388,-32.03616641773281,134.30599918043893,67.39348993930055,-300.0,8.594943425171182,7.8124093733102935,03-01-08-01-01-02-20.wav,surprised,20
3.1364791666666667,0.2709677419354839,222.86820749600315,57.74069781420576,157.15641681500136,399.0754517360563,241.91903492105496,0.004662402003727944,-60.04334881559842,144.7274339522447,59.48017306344664,-300.0,8.349572817253524,7.612089695428975,03-01-08-01-02-01-20.wav,surprised,20
3.2031875,0.31230283911671924,252.52031410790858,112.60680871121461,165.66115667874996,556.2891765897864,390.6280199110364,0.0057005148206547545,-63.85093897281187,148.0609615192327,60.124178582391075,-300.0,9.528151250924816,7.182817978289089,03-01-08-01-02-02-20.wav,surprised,20
3.7370625,0.32972972972972975,363.9525519807382,120.34398131824491,107.2319990802147,586.4295788980282,479.19757981781356,0.021433839419353236,-8.588602885907214,119.6232924339785,72.26591268339865,-300.0,7.084268211215977,6.1192487289187305,03-01-08-02-01-01-20.wav,surprised,20
3.2365833333333334,0.33125,280.45002957651485,97.42739723923792,159.23080450739982,512.1016733391781,352.87086883177824,0.0062487790603446575,-32.81392606985238,125.23590623996127,59.60838069577798,-300.0,9.903296145589298,6.122138026950884,03-01-08-02-01-02-20.wav,surprised,20
3.5368541666666666,0.4085714285714286,326.2369766416649,81.18138154697483,182.51619781861936,507.2735839483759,324.7573861297566,0.016804552323388903,18.897080442344905,81.28094307579009,68.86030725903917,-300.0,7.5713722354446755,7.148536104960756,03-01-08-02-02-01-20.wav,surprised,20
3.4367708333333336,0.34411764705882353,269.0291085885866,39.02456039461298,195.34741306090598,337.6076563633415,142.26024330243553,0.009803632509368354,-23.38197699687829,124.90524877143304,64.64552681314747,-300.0,8.058330772097142,6.979548621596701,03-01-08-02-02-02-20.wav,surprised,20
3.8371666666666666,0.30526315789473685,100.13101461315759,12.421552629996471,78.82264672184753,131.9231804720837,53.10053375023615,0.010085179264017224,25.392946484544694,25.57529014144472,66.77018139537121,-13.931037733951623,9.759522743939913,6.125629554263789,03-01-01-01-01-01-21.wav,neutral,21
3.970625,0.3223350253807107,97.70621157375918,11.456659747535603,77.85818499533694,135.74941141542735,57.891226420090405,0.009813817456365476,27.522507745610515,23.531863708700623,66.25977506009968,-10.038978872259454,10.264605340490581,6.235164918033889,03-01-01-01-01-02-21.wav,neutral,21
3.6036041666666665,0.3333333333333333,103.1069052038943,56.09484008013836,78.65837518917246,526.483545421914,447.82517023274147,0.010903009417042264,24.94595780531287,28.099574342684615,64.92262940905869,-19.86086648611797,7.902711479927048,5.806127103151312,03-01-01-01-02-01-21.wav,neutral,21
3.6703333333333332,0.30494505494505497,95.15056158731376,10.499446106947277,77.56650821865976,122.61916934692162,45.05266112826186,0.00901094611455349,24.496380992254227,26.50249409732464,64.55180288221803,-17.410460130270486,8.4234000961024,5.940569596521471,03-01-01-01-02-02-21.wav,neutral,21
3.8371666666666666,0.36578947368421055,139.73413064731878,102.02003066066972,78.00402436844921,575.7389080132486,497.7348836447994,0.012391955230428305,25.990651088918604,28.31671797362931,67.60613795383735,-16.640967923017808,10.137982704069731,6.810488440140427,03-01-03-01-01-01-21.wav,happy,21
3.8037916666666667,0.3713527851458886,123.87224114872461,61.19300824720348,77.96327071856689,595.4639709426993,517.5007002241325,0.014019734388948149,28.249029629460082,27.156737662986714,68.52041427139557,-16.691028013590923,11.196114558495514,7.541533554794816,03-01-03-01-01-02-21.wav,happy,21
3.703708333333333,0.335149863760218,130.78880825791438,81.50751245994462,76.89343023664014,557.4338352244256,480.54040498778545,0.01724997321531036,30.324128233259543,27.723080093388475,70.0834322454346,-15.869576562102175,9.000781019008357,6.607127070352376,03-01-03-01-02-01-21.wav,happy,21
3.8371666666666666,0.32894736842105265,115.9858809944851,20.80134290154728,76.63597094499504,165.5653213603051,88.92935041531005,0.01448172214564912,28.44870207902272,27.81682619845894,68.31041579728421,-15.5047966481477,9.343627822384535,6.717097859199322,03-01-03-01-02-02-21.wav,happy,21
3.8037916666666667,0.35013262599469497,174.12583841959164,80.14430918631767,77.32961345619563,569.8863041617765,492.5566907055809,0.030696921908199896,32.51233699234054,30.802448165198584,75.35705553375169,-18.249979138536826,8.255591894606525,6.328872240917133,03-01-03-02-01-01-21.wav,happy,21
3.9372708333333333,0.33589743589743587,187.1288532613722,87.44764445331421,89.43376733125287,587.0963637964952,497.66259646524236,0.028825154288878482,30.64912295054931,30.611423267976562,74.0436064896693,-19.696728660412692,7.255907615380848,5.388697709815232,03-01-03-02-01-02-21.wav,happy,21
3.6703333333333332,0.3516483516483517,139.7360611254511,23.413496088673018,88.21043186706436,174.28750353499868,86.07707166793432,0.029011307962718252,31.920534308531668,29.696128244019583,73.74555881910977,-17.27546311981746,7.6787770906182935,4.6952363349153785,03-01-03-02-02-01-21.wav,happy,21
3.8037916666666667,0.3687002652519894,185.82955850937486,89.46964503739467,87.33110595513067,598.6926962130224,511.3615902578917,0.036047983497421096,34.7258983530226,30.341431667667138,76.77254839282979,-16.935521134393465,8.389121829481818,6.157091276109712,03-01-03-02-02-02-21.wav,happy,21
4.304291666666667,0.2857142857142857,163.09054417845613,121.08305276694517,79.54497413988125,485.09912497154966,405.5541508316684,0.004841936227067814,22.36766841413893,26.226914649153798,58.59077292982321,-26.65486246722724,7.266514362979019,6.5649201679369895,03-01-04-01-01-01-21.wav,sad,21
4.604604166666666,0.3063457330415755,133.63754289095877,118.5193923445659,76.10583997569802,599.8194619978299,523.7136220221319,0.004420347726538525,22.48879109696157,25.237239102217202,59.04264002131385,-25.38570817822383,7.823032185374282,7.797539083612236,03-01-04-01-01-02-21.wav,sad,21
4.07075,0.2202970297029703,101.75112637081932,50.355888525320694,75.10417024471752,431.55911397044457,356.45494372572705,0.0064035291987769895,24.635254824780723,25.238985005082515,63.19205137317284,-24.033183989575612,7.986820689291195,6.9238218087643855,03-01-04-01-02-01-21.wav,sad,21
4.2041875,0.3381294964028777,140.8780725179225,114.03890551253531,76.6317748825873,540.4316335385138,463.79985865592647,0.005951091780247968,23.51529096470618,26.112926888235872,59.25525489910661,-18.76216306971601,7.36803093273088,6.096427501345817,03-01-04-01-02-02-21.wav,sad,21
4.170833333333333,0.3115942028985507,188.26070939670407,125.82480593272473,75.81741027420154,590.9176165703842,515.1002062961827,0.021587182049835944,31.68400827659124,29.82361653574154,71.94689444826074,-20.123342657116897,7.073084098800264,6.25887577927266,03-01-04-02-01-01-21.wav,sad,21
4.2709166666666665,0.33254716981132076,215.97666116671942,109.91278938042763,75.01270602653321,487.62474008308465,412.61203405655147,0.020631426284277606,31.557702507731026,28.775501984292898,71.88166407426652,-20.26736347201382,7.356020903194822,5.727856174629284,03-01-04-02-01-02-21.wav,sad,21
4.2709375,0.35141509433962265,196.92036845561378,145.43764061078596,85.97151128115641,593.4250856286616,507.4535743475052,0.01566953473673428,30.960891332815983,27.325004639584975,70.09825071717859,-14.421349959771382,7.493668456228931,6.597463373449374,03-01-04-02-02-01-21.wav,sad,21
4.137479166666667,0.3463414634146341,258.235168769343,167.75395141827065,102.85617515250135,599.8788861272765,497.0227109747751,0.015296454008154796,30.630885103828653,27.03109172858615,67.19943555141374,-17.467548943455732,6.864599122978525,5.820757109799775,03-01-04-02-02-02-21.wav,sad,21
4.137479166666667,0.33170731707317075,170.9036257401734,83.20432678009571,113.97436901452522,597.0286176173241,483.0542486027989,0.047699743049785706,35.898519245338946,30.210805966415595,78.13251663853681,-18.875974243858,8.000831050107825,5.683131358121027,03-01-05-01-01-01-21.wav,angry,21
4.004,0.35516372795969775,174.52038641147126,99.89509235898039,113.42375113200043,588.7456421571021,475.32189102510165,0.04421624070602404,34.52207624982454,31.15933162213619,76.99711262529246,-16.066386475897914,8.644394298709257,6.207629443241077,03-01-05-01-01-02-21.wav,angry,21
4.070729166666666,0.3118811881188119,175.39752615374925,79.58753189628234,114.20271201036587,576.5687000597586,462.36598804939274,0.05963994282724,38.32266268268701,29.262840451620967,81.86598068092876,-15.549002758039979,6.977357902116796,7.078466914757323,03-01-05-01-02-01-21.wav,angry,21
3.9372708333333333,0.32564102564102565,168.65451078501889,82.31232081219238,107.20310291029237,589.9858452068144,482.782742296522,0.054105959981892306,36.29266626062494,30.940308011278347,78.31750534850536,-15.220501882617729,6.203408913916357,5.660695813006251,03-01-05-01-02-02-21.wav,angry,21
4.371041666666667,0.3225806451612903,201.33517125284666,34.978000551988266,77.753943059981,242.2677485369822,164.5138054770012,0.10414491798108313,43.66290384850362,30.2904099986812,86.2677949432184,-20.244206573513296,8.310288198584228,5.982744636808429,03-01-05-02-01-01-21.wav,angry,21
4.471125,0.3310810810810811,242.67306542989303,60.49990270548115,139.1035539055848,586.9279653792112,447.82441147362636,0.09138560160093258,43.39239107762814,30.894894581445342,83.04671542380531,-16.64151212262037,8.767293177244914,7.1906699702946515,03-01-05-02-01-02-21.wav,angry,21
4.1040833333333335,0.32678132678132676,203.15862573490742,82.25138614723303,134.95213319194352,594.738261923656,459.78612873171244,0.07957630539005117,38.51636548168642,32.23836754600007,83.64612325767325,-21.16171228359805,6.995657625424059,7.2891977543318625,03-01-05-02-02-01-21.wav,angry,21
4.2375625,0.33095238095238094,227.94221469474326,92.35582906381418,89.14045017892178,591.353257837565,502.2128076586432,0.08881932104026107,41.22376059095887,31.85134768445624,85.06049959375767,-17.340823035663423,6.946514226320355,5.881955413996777,03-01-05-02-02-02-21.wav,angry,21
3.6703333333333332,0.30494505494505497,116.43736132240934,20.403108971279615,84.17043763120463,169.49435839776422,85.32392076655958,0.012530387913922419,30.176592468146673,24.483548965368804,67.00766444906418,-15.463018252454855,7.112243978911107,4.6223502550557365,03-01-06-01-01-01-21.wav,fearful,21
3.7704166666666667,0.31016042780748665,118.98261420035246,23.651671581966813,81.27261792246738,156.11343885615045,74.84082093368308,0.01263626789246524,27.625192319706155,26.872567782943342,67.00112411507706,-25.52308515330258,7.926589556537216,4.553423258677756,03-01-06-01-01-02-21.wav,fearful,21
3.970625,0.3248730964467005,118.05211085157211,50.39223833424471,89.93012097633003,502.2840726839772,412.3539517076471,0.011766789369151619,26.337856463765586,28.22800613778588,66.28422170299972,-22.79381557582745,8.098616841637662,5.908022799700072,03-01-06-01-02-01-21.wav,fearful,21
4.070729166666666,0.27722772277227725,116.54086219862536,25.07146996844035,80.74621394009121,267.43083111440353,186.68461717431234,0.013560388074671602,24.913768021842106,27.881744467576596,68.81552152927783,-16.13857448334201,6.670831465501646,5.747553604734497,03-01-06-01-02-02-21.wav,fearful,21
3.970625,0.2868020304568528,148.95506939921395,18.319722076845093,108.98723233569677,183.09301801200908,74.10578567631231,0.029224637498202304,31.157760787212297,28.026604419224256,75.03274801430875,-19.892631660577365,8.657724312619614,4.41749342192338,03-01-06-02-01-01-21.wav,fearful,21
3.8371666666666666,0.3236842105263158,160.61963929993408,18.450505772975564,111.29531997129726,204.74059190896324,93.44527193766598,0.028756906765717852,32.713929732771355,27.165505188116086,74.4431351474653,-16.682232185984493,7.924070769442076,4.6691451054867565,03-01-06-02-01-02-21.wav,fearful,21
3.7704375,0.3181818181818182,144.1018967456354,18.178802252862983,108.32346977877765,205.23816540339948,96.91469562462183,0.03037088767539423,31.897082050318613,29.82347748296286,75.26416621389865,-17.846972767284594,7.13740525313401,4.414973890797915,03-01-06-02-02-01-21.wav,fearful,21
3.6369583333333333,0.28888888888888886,158.11586296284986,71.88201292246087,111.13574913889765,576.325854767298,465.1901056284003,0.02742422935205983,29.865252979496997,31.043064122281127,74.11692196628049,-19.487552928385362,6.92302619888426,6.23251646744224,03-01-06-02-02-02-21.wav,fearful,21
3.8037916666666667,0.2572944297082228,107.07310276820597,19.841664987813047,80.0625093318694,155.46270058456,75.40019125269059,0.014460399344396616,26.525249806762265,29.970058517134962,69.73924933957625,-22.01183022067639,4.874958255492182,5.334090858765942,03-01-07-01-01-01-21.wav,disgust,21
4.07075,0.2623762376237624,103.58636918752292,17.967607169834274,78.68102119674623,147.13686130719964,68.45584011045341,0.015279845439790923,28.62703509040099,27.782729677717015,69.07163312740224,-17.980209420316378,5.40724136261269,4.478871189307346,03-01-07-01-01-02-21.wav,disgust,21
3.636979166666667,0.28888888888888886,115.79097318685663,22.706219429195333,81.27829308211301,163.7312523428565,82.45295926074348,0.014834481934078065,28.827651392235502,28.211734775318977,69.63390168566669,-14.250984962241485,4.4286456049474925,3.82836184594157,03-01-07-01-02-01-21.wav,disgust,21
3.6036041666666665,0.25770308123249297,113.44453250256991,21.833123844116617,86.02457587079138,151.56076474467102,65.53618887387964,0.014541411354378721,26.332750645055828,28.97522400139141,69.18011867741275,-16.87425270934661,4.448344598204904,3.64581268345926,03-01-07-01-02-02-21.wav,disgust,21
4.070729166666666,0.20297029702970298,94.89683554064955,14.05270254088941,75.19827459948986,130.71034008274893,55.512065483259065,0.010630089710190848,27.751854372178887,24.391787428026987,68.16219917186262,-16.081800760738446,3.9104976364913218,3.8741181998939127,03-01-07-02-01-01-21.wav,disgust,21
4.037354166666667,0.235,121.7316017202541,96.69438033917857,79.44567225101565,565.442645913665,485.9969736626494,0.011781369612193802,26.595366284927287,25.86856327482501,67.01984704852623,-12.876214844394166,5.130958684444165,4.471302045657768,03-01-07-02-01-02-21.wav,disgust,21
4.170833333333333,0.2536231884057971,100.20895135019744,16.530932457261542,78.2255640347888,136.6991818804368,58.47361784564801,0.012224602440490229,29.510963398746284,26.505744667602265,65.57953251956936,-19.53186925134775,3.7292409003928944,3.6198060555157836,03-01-07-02-02-01-21.wav,disgust,21
3.970625,0.27411167512690354,120.72569009780037,101.58904176763131,76.45378892830571,566.6148888536811,490.1610999253754,0.01114625402230332,31.386490652887712,23.52601527145348,64.68064700783009,-8.92872527148102,3.9959734335022516,4.8019441339262485,03-01-07-02-02-02-21.wav,disgust,21
3.5035,0.30835734870317005,171.9488125230299,72.01934841917031,82.64576883022613,405.65144285696016,323.005674026734,0.01866943275355522,28.691412270894084,28.594637869020808,71.86984424913521,-20.667374690017297,5.764341222402951,3.8886458029526314,03-01-08-01-01-01-21.wav,surprised,21
3.470125,0.3313953488372093,173.18027141207003,59.046353947913694,81.18997987641248,281.524755123854,200.3347752474415,0.017480784575158847,26.55698285088257,29.01012468097533,71.20609082885079,-16.30247427573744,5.893052225487936,4.1396032618945044,03-01-08-01-01-02-21.wav,surprised,21
3.4701458333333335,0.29941860465116277,188.62757551659698,51.65116849020652,78.12931036528849,323.13861804594853,245.00930768066004,0.018305799485605255,26.943142213175374,29.43880315396456,70.8887243548169,-18.987262288686928,6.068415263173225,4.051819460399962,03-01-08-01-02-01-21.wav,surprised,21
3.5702291666666666,0.3361581920903955,152.95543533022,46.5306873888078,79.39448880070047,272.91412369257426,193.5196348918738,0.021909739135827885,28.817618610956472,29.56758326032367,73.18717984254015,-16.66974804345137,5.661419353123156,4.600308983700652,03-01-08-01-02-02-21.wav,surprised,21
3.6369583333333333,0.3333333333333333,196.03824272568406,59.77811137418332,106.02352683279824,344.9569335908543,238.93340675805607,0.024697261776200033,31.235523976300556,28.213988988345392,72.77881018073147,-16.635002420808974,6.986835582300111,4.793541905610872,03-01-08-02-01-01-21.wav,surprised,21
3.636979166666667,0.31666666666666665,210.9908333064475,69.60522078597161,101.11874412703968,342.07136010023146,240.95261597319177,0.02401342257330564,30.837151004019738,29.88301231943689,71.65135512459631,-19.52649292528098,6.268930977988396,3.8736789920276045,03-01-08-02-01-02-21.wav,surprised,21
3.4701458333333335,0.26744186046511625,200.32423661059462,51.06301047354609,80.97360559593939,316.39689259279834,235.42328699685896,0.02253077652053809,29.54666627702853,28.81806152367468,71.87905181197662,-22.931047104351503,5.271757085729508,4.452973635837428,03-01-08-02-02-01-21.wav,surprised,21
3.536875,0.30857142857142855,203.01150840712248,66.36752826738397,76.65936618520874,409.5215672907096,332.86220110550084,0.02161980936211023,29.820354151818115,29.511903290729542,73.77682522913543,-22.65322930632746,5.058032643336585,4.555782670154343,03-01-08-02-02-02-21.wav,surprised,21
3.636979166666667,0.3972222222222222,186.6628961922912,20.839031950217375,160.5106683101464,252.2947541463495,91.7840858362031,0.0035089619322778913,20.260440376967345,24.988242318605344,54.25553346964016,-44.58054412404447,13.448028631436294,7.195468296714168,03-01-01-01-01-01-22.wav,neutral,22
3.4367708333333336,0.36470588235294116,195.03278720679938,27.12190182924277,156.56437104333125,248.21407079562246,91.64969975229121,0.004283831399826347,20.607892324654035,24.5893102427875,59.93361735193673,-31.486789823514492,12.468420182413455,6.596199160338408,03-01-01-01-01-02-22.wav,neutral,22
3.6035833333333334,0.39215686274509803,193.78478696205264,28.423578530137856,147.9553293698161,248.6356378034627,100.68030843364662,0.004399040559041754,20.88344093354198,26.04997428053887,57.6352782552331,-28.138418793642824,12.863930308943777,6.702521374748157,03-01-01-01-02-01-22.wav,neutral,22
3.5368541666666666,0.3514285714285714,192.8445010070677,24.001843936850214,150.3153494130878,245.79700051584695,95.48165110275914,0.004145666446625384,22.047719490969108,24.376307672327044,58.195881312902586,-24.653661216132132,12.603146644955443,6.9133337168844475,03-01-01-01-02-02-22.wav,neutral,22
3.536875,0.38571428571428573,200.5680293714636,31.97550529283338,157.01160831005683,279.8358197697212,122.82421145966435,0.006160171665981831,26.056764436103617,24.288110435612136,60.0793207770683,-18.236788496502797,10.596298083581956,6.4671479470021715,03-01-03-01-01-01-22.wav,happy,22
3.4367708333333336,0.37941176470588234,223.1595028015722,48.47494997284876,160.42328685557695,293.8596152852765,133.43632842969956,0.006264376987032158,21.8883027530366,27.42943778644348,61.36794767588205,-28.008365145059276,10.547435498399077,5.533710821709195,03-01-03-01-01-02-22.wav,happy,22
3.5035,0.3631123919308357,209.345009829149,29.67204151700249,162.1365392950878,258.27804609781197,96.14150680272417,0.006688323415181085,22.1629959315633,27.8170510719827,60.5152351593961,-27.654982377763183,10.738084874584386,5.929028550841017,03-01-03-01-02-01-22.wav,happy,22
3.5035,0.3573487031700288,183.63477168937115,29.911522524426218,144.58467091213654,256.914131509064,112.32946059692748,0.006903786518852244,22.899742168475182,27.290273913133955,62.24009579737482,-27.275881220562873,12.122417649744717,6.874453065658966,03-01-03-01-02-02-22.wav,happy,22
3.7370833333333335,0.3918918918918919,302.16927397966845,78.80570241581822,130.48426311159977,502.19967290429753,371.71540979269776,0.025658013068030474,31.070807922788564,30.39042280504359,76.26465352649474,-23.62990807088259,12.090483859281662,6.188456106931073,03-01-03-02-01-01-22.wav,happy,22
3.8371666666666666,0.38421052631578945,275.3481900203484,71.03170377354888,79.58071435878938,379.01332113922837,299.43260678043896,0.022059087265512617,33.66414132073208,28.541313749733174,72.00604819854722,-17.428851827189767,10.6442368747335,6.941304679332578,03-01-03-02-01-02-22.wav,happy,22
3.6703333333333332,0.36538461538461536,298.81535343438145,64.59851335737777,84.60186835282659,387.5885648172704,302.98669646444387,0.02348337686393393,32.2120101463776,30.65915610133945,72.8698565238642,-19.323305289421683,8.878145902055305,5.9059661979948785,03-01-03-02-02-01-22.wav,happy,22
3.9372708333333333,0.4205128205128205,284.8985121243612,60.11089355238904,168.24072515834143,388.68189214511574,220.4411669867743,0.01976422234571599,33.12710725835717,28.859313813006768,69.01531836541827,-22.533213871407117,10.161728176026061,6.2859182695825675,03-01-03-02-02-02-22.wav,happy,22
3.6036041666666665,0.3753501400560224,193.79818872792276,26.229586583947796,157.51083249953257,260.3954246834394,102.88459218390682,0.004684066714763414,22.75811094871586,24.270086195461566,58.59764827233755,-26.96117510941624,12.527644663813192,8.512439800960584,03-01-04-01-01-01-22.wav,sad,22
3.703708333333333,0.39509536784741145,202.4460387287442,27.428184831882003,164.58487059418025,274.51066107325704,109.9257904790768,0.005600464653192714,23.54072067102669,25.849845337598232,60.36380117630333,-22.60624045586804,14.46329747269592,8.343801218691551,03-01-04-01-01-02-22.wav,sad,22
3.6703333333333332,0.38186813186813184,204.81830822280952,24.854501036034424,167.099884325673,252.779221259603,85.67933693392999,0.005654073057659719,25.977137646139422,24.432831832969324,60.722823812116964,-19.790557258322558,13.243175910343695,8.19936011659929,03-01-04-01-02-01-22.wav,sad,22
3.703708333333333,0.37329700272479566,201.71852253950738,20.58142658031116,167.1001610607365,247.45048097106354,80.35031991032704,0.006794011356797718,27.12843688646997,24.389247454758443,61.79945723784134,-23.703265586879773,12.656824560221445,8.14528935880224,03-01-04-01-02-02-22.wav,sad,22
3.7370625,0.3810810810810811,208.62767475656136,23.231498893697147,165.48549471010858,274.82512226254613,109.33962755243755,0.005939458283605514,23.71688816003382,26.12645934587503,61.28901428376534,-34.65273217608829,12.710026097652072,6.79885159717277,03-01-04-02-01-01-22.wav,sad,22
3.636979166666667,0.37222222222222223,219.0936018328628,20.344988736645135,191.86511901479997,279.20719865595134,87.34207964115137,0.007933315472825195,26.191668361148473,25.103117569248973,63.841787463964785,-25.04537745189954,14.097251558440256,8.035381695757739,03-01-04-02-01-02-22.wav,sad,22
3.7370833333333335,0.3675675675675676,212.41605172144043,12.975184334730507,192.7194493744823,243.83450319316876,51.11505381868645,0.007124280841176818,25.665873505219597,25.940150567931262,61.95887678823462,-16.258060098902817,12.071714554566771,8.79143033490963,03-01-04-02-02-01-22.wav,sad,22
3.8371666666666666,0.3815789473684211,204.81557290683062,12.458310765762294,174.49302744366304,241.3909461183858,66.89791867472277,0.00771251065007981,25.959396961510137,26.639287015744866,61.84889675339925,-20.665802002437776,9.997608333215755,7.599620282379389,03-01-04-02-02-02-22.wav,sad,22
3.703708333333333,0.3188010899182561,200.07768182633964,35.822301504285754,152.27914091266635,277.2154136979166,124.93627278525022,0.009254757437720062,25.410818027969345,26.29067566303841,67.96373363274711,-24.514981603312723,11.250640438409782,6.7323016364305355,03-01-05-01-01-01-22.wav,angry,22
3.7370625,0.36486486486486486,209.9010221464883,47.278909042859716,147.60044350895697,462.7530047679619,315.1525612590049,0.009553938429253176,24.608414938494047,26.695087407920948,65.95933573202855,-22.627232398720352,13.177408477245235,7.945096717320119,03-01-05-01-01-02-22.wav,angry,22
3.8705208333333334,0.3515625,207.3543636734453,48.09388717935422,137.00916907764727,315.63184937849394,178.62268030084667,0.012257173247110517,28.9371257471905,26.55884249785719,67.42463944405455,-18.992278778751192,9.863368715336128,6.744898645246722,03-01-05-01-02-01-22.wav,angry,22
4.037354166666667,0.35,203.57973100695534,35.448812189545635,135.78067892342852,280.8956067222126,145.1149277987841,0.014984652247096122,30.99930247067396,26.623403689946926,70.01786569241192,-20.4233909086331,11.33288897409449,6.831562565170441,03-01-05-01-02-02-22.wav,angry,22
3.8705416666666665,0.3828125,261.9106028900185,46.324632393708306,149.15760409009803,338.2509261810226,189.09332209092454,0.03238139503063748,32.9318167845124,30.9113670528146,75.35214003953725,-26.072725544943278,10.634176394660365,6.94211704762696,03-01-05-02-01-01-22.wav,angry,22
3.9038958333333333,0.34366925064599485,252.1378511888371,53.65482628413572,75.45715476776155,330.8036675713814,255.34651280361987,0.03241449238509605,33.082817209075344,29.297876197936603,75.60850124979075,-18.443838868629914,12.355473809430741,6.621989586401202,03-01-05-02-01-02-22.wav,angry,22
4.237583333333333,0.3761904761904762,259.77652830069906,42.49809846955987,156.32123554409284,357.09292677626274,200.7716912321699,0.05517200247152753,37.956775129552966,30.90618055414521,80.01584089887828,-17.3257065300249,12.772044588566963,6.396137310584424,03-01-05-02-02-01-22.wav,angry,22
4.204208333333334,0.3980815347721823,270.101908842843,46.966071339396045,150.58281983294214,366.6928755928598,216.11005575991769,0.051340110473683545,37.66250719096876,31.59420947842577,78.7729669536251,-25.903428143200955,11.492106200303795,6.050582480135194,03-01-05-02-02-02-22.wav,angry,22
3.57025,0.3870056497175141,225.08876890556456,23.449982953645325,190.81080024347267,273.91444515707065,83.10364491359798,0.010513349388445805,27.19687235914899,27.587958087134126,64.93508708290227,-36.25354611620115,12.570544609408342,8.448958004068311,03-01-06-01-01-01-22.wav,fearful,22
3.6036041666666665,0.36694677871148457,225.71616314606163,24.052967572022318,179.9576135420188,276.4518613102189,96.49424776820007,0.012218648823071991,28.163443594706774,26.8699443378986,67.31108150098358,-19.174758444459943,14.239565087916016,7.498389789952845,03-01-06-01-01-02-22.wav,fearful,22
3.6703333333333332,0.37637362637362637,215.46995670407978,15.203808616025976,173.3631606064221,247.02430325754324,73.66114265112114,0.01118322125272659,30.49729907568598,26.853131442665312,64.83163720414328,-20.86777009694165,12.535682698717284,8.11594092690891,03-01-06-01-02-01-22.wav,fearful,22
3.536875,0.37142857142857144,218.45224244196044,23.373621757611335,165.11530526842228,271.8353923363793,106.72008706795702,0.011393951373175648,27.829862783969194,27.80400417377024,66.19021140488873,-16.709404221608597,10.535780334398975,7.104289970723455,03-01-06-01-02-02-22.wav,fearful,22
3.5702291666666666,0.3757062146892655,326.5147352459387,43.556795787199185,218.6985483761848,448.36754987827,229.6690015020852,0.02502700667378808,34.43546442528815,26.578580603672176,74.17301505888301,-17.347606335710992,13.740717272783197,7.226188544493536,03-01-06-02-01-01-22.wav,fearful,22
3.5702291666666666,0.3615819209039548,315.329446666692,51.13770800385444,228.4771675007732,490.72130641154655,262.24413891077336,0.02475061462380777,30.883637512312962,29.84064597520648,75.62464183469763,-19.83349111208749,12.543704427592433,6.988149426126702,03-01-06-02-01-02-22.wav,fearful,22
3.6703333333333332,0.33791208791208793,306.0636786023488,23.715637714713903,244.70643465692135,347.7268774704889,103.02044281356754,0.028473446764487143,33.29810572688076,29.46588135856131,74.69962512386277,-20.16913644476357,11.4613476200665,7.529895349847789,03-01-06-02-02-01-22.wav,fearful,22
3.6036041666666665,0.3557422969187675,346.52097115998504,53.25834414421,94.97286574690177,452.48983203503286,357.5169662881311,0.032085569147434274,34.01131338496555,29.67202285838722,76.7492323416414,-20.934830480831863,13.291447623305043,7.705425481868632,03-01-06-02-02-02-22.wav,fearful,22
3.7036875,0.3651226158038147,188.3281657805129,26.938927452515696,152.88843971378282,258.14667543586165,105.25823572207884,0.008339498420284492,24.784207739819685,26.292842310442076,67.58398872628959,-19.750095176059897,11.862481911291932,5.573847475719172,03-01-07-01-01-01-22.wav,disgust,22
3.9038958333333333,0.3643410852713178,185.33957745142652,28.650065204291018,143.76334741994768,276.5407728017693,132.77742538182164,0.007293574311785057,25.414103804394152,25.532944845899998,64.71230716555536,-31.266927838734656,12.141330991514025,5.505453637893484,03-01-07-01-01-02-22.wav,disgust,22
3.8037916666666667,0.363395225464191,179.1995638998387,21.11471375911929,134.98298408920763,239.6944804220165,104.71149633280888,0.008534744914780127,25.525422527651454,27.176047429300517,64.11561426048213,-32.42925412816427,11.044081239445413,6.436329850184154,03-01-07-01-02-01-22.wav,disgust,22
3.8371666666666666,0.3815789473684211,182.62868714657947,19.04040009711467,147.83334100214154,234.30839721395708,86.47505621181554,0.009700744442018218,26.873077279654353,26.759565170748715,67.0258061534735,-22.89436910297194,13.208459557356951,5.536539272821615,03-01-07-01-02-02-22.wav,disgust,22
4.2375625,0.38333333333333336,199.78868639041826,28.401265877810253,137.8491695985833,266.3476583561944,128.4984887576111,0.010759044858221723,29.94253591955405,25.73836923262796,69.04094361222833,-27.30319617665134,10.871104754250128,6.646923655665745,03-01-07-02-01-01-22.wav,disgust,22
4.170833333333333,0.3526570048309179,197.5124114304928,29.394195845550268,157.1201181325296,268.7701866840436,111.65006855151401,0.012586226147823648,27.15356814645523,27.524506972967675,68.76923686019934,-18.794203787616013,12.105628985544955,6.122878425601714,03-01-07-02-01-02-22.wav,disgust,22
4.204208333333334,0.38369304556354916,210.64285644094997,32.27517233436462,140.43190737583222,270.9427290863046,130.51082171047238,0.012442314333604014,29.15456464858619,27.716783967660678,65.38945307284726,-21.730492749056133,10.050351572383653,7.0400619197401975,03-01-07-02-02-01-22.wav,disgust,22
4.1040833333333335,0.40294840294840295,206.4437597519655,27.98332607911337,149.27901806718523,280.0424297443549,130.76341167716964,0.014650293957375734,31.498080868267657,27.182882612813668,68.57471478193277,-22.088860957678516,10.342319057654553,7.560797661326568,03-01-07-02-02-02-22.wav,disgust,22
3.536875,0.32571428571428573,265.3653663134602,91.96093573982638,152.96544065355604,486.4679148656198,333.5024742120637,0.011780698440748291,24.43371557372618,29.22420074225453,66.43443103938705,-30.47849829920864,8.39546269830474,5.592450122489209,03-01-08-01-01-01-22.wav,surprised,22
3.5702291666666666,0.3446327683615819,293.00275630481246,92.29739851471196,134.64084671037918,506.2707701952622,371.62992348488297,0.013557497378662317,26.30607084803328,28.567811137588105,66.39257952596697,-18.803633718502535,9.048346891983147,5.7164708450044746,03-01-08-01-01-02-22.wav,surprised,22
3.4367708333333336,0.3352941176470588,279.79059115001513,109.61809854809925,146.74337004175595,496.4783909268778,349.73502088512186,0.013197791273454771,26.608665630855967,28.375520222669106,66.81263048056681,-21.760121239776375,7.87741810906516,6.17278784495569,03-01-08-01-02-01-22.wav,surprised,22
3.6036041666666665,0.34173669467787116,323.0052586052088,136.44499621013316,162.45213713252645,592.9382459280024,430.48610879547596,0.016660100705385084,30.397075542114756,27.339033617112097,67.30342384312854,-11.76438111877985,9.351697658684744,6.741155058092174,03-01-08-01-02-02-22.wav,surprised,22
3.5702291666666666,0.3446327683615819,284.0842267853442,83.33020489978871,156.5316462638501,424.65324827957494,268.1216020157249,0.013595068244670013,26.812729163535028,29.549512869751066,66.18190465868922,-22.775032334032147,7.435967248252547,6.324554187349883,03-01-08-02-01-01-22.wav,surprised,22
3.7370833333333335,0.35945945945945945,301.5260265280813,93.91700510430157,160.80976607026565,489.8482264939701,329.03846042370446,0.018408006489883437,30.68331199365774,28.51528886366395,72.05627178712763,-18.798165647721497,9.272702380634048,6.268532562074911,03-01-08-02-01-02-22.wav,surprised,22
3.703708333333333,0.36239782016348776,317.8677629118123,108.53054425869635,113.61556957488082,551.266789392674,437.65121981779316,0.024378577128627087,32.251612375243155,29.912301673812255,73.10893474118129,-19.5801609208409,7.947753692065423,6.024651863520922,03-01-08-02-02-01-22.wav,surprised,22
3.6369583333333333,0.35555555555555557,305.80056181741264,77.30958796548339,161.35182573791715,438.0946268687324,276.7428011308152,0.019494501548946552,29.982082385797536,29.49442342068944,70.17385620333381,-19.94951792289404,8.726657451169375,7.433442498648274,03-01-08-02-02-02-22.wav,surprised,22
3.8037916666666667,0.36074270557029176,151.64401988623692,22.67994321261509,119.58227156880012,201.76650199103844,82.18423042223831,0.008061592921043439,17.885959937352908,47.8825567957606,62.16168338636951,-300.0,12.552856139789473,6.026703788971249,03-01-01-01-01-01-23.wav,neutral,23
3.7370625,0.3621621621621622,152.14026734080701,17.9913471139189,117.43582112441386,190.93625844359343,73.50043731917957,0.009281269145359995,24.232463169859614,26.46609597499674,63.68095532001792,-42.8930520577392,11.326201447196663,6.671617085188142,03-01-01-01-01-02-23.wav,neutral,23
3.6703333333333332,0.3489010989010989,151.39656303567773,17.02272626802096,115.77988523546531,189.9065385607395,74.12665332527419,0.010054039400772855,21.5393982425881,30.213868052242827,64.72815431891411,-24.971509751034205,10.564067146223602,6.315781460372917,03-01-01-01-02-01-23.wav,neutral,23
3.8371666666666666,0.3473684210526316,151.71103095384035,19.60240736476875,114.44374776615246,208.06201909888946,93.61827133273701,0.010001404052559403,21.059034940768626,37.24860979428886,65.4736870037157,-300.0,9.863765985804935,6.55759125007884,03-01-01-01-02-02-23.wav,neutral,23
3.3366666666666664,0.32727272727272727,218.92824940465016,39.44294139520443,160.9115361705052,289.1652909574052,128.2537547869,0.009658064714625863,4.157877003036089,70.30502092998888,63.46552816737001,-300.0,10.17022625372428,5.610866599158295,03-01-03-01-01-01-23.wav,happy,23
3.2699375,0.32507739938080493,218.97674507204405,48.87627670323447,143.65414926408405,304.05696291501977,160.4028136509357,0.0154880113457847,22.24942169605047,30.790301210092064,68.84344830384123,-24.46497347047523,9.762697641902157,5.704861551330934,03-01-03-01-01-02-23.wav,happy,23
3.2365625,0.325,187.09970280224613,16.937837426988434,145.9330983002994,212.78626543709026,66.85316713679086,0.011668411031649891,-11.652190655460304,104.09992157754509,65.87589386980687,-300.0,8.791242511099831,5.579997886921847,03-01-03-01-02-01-23.wav,happy,23
3.2699375,0.30340557275541796,176.0860034159934,20.00392047713866,119.80498071544282,214.6053587128722,94.80037799742938,0.0111953173787955,-28.318575794544255,123.26926395913698,65.47718556289679,-300.0,7.93782735125335,6.406037418063183,03-01-03-01-02-02-23.wav,happy,23
3.2365833333333334,0.296875,273.9484931168582,50.61385380245814,78.90678445541312,346.55502075031444,267.6482362949013,0.03250332844895757,15.108229890958182,57.8804861012162,75.13798486240194,-300.0,10.791545646569938,6.169764556687066,03-01-03-02-01-01-23.wav,happy,23
3.2031875,0.31545741324921134,277.7699527643932,41.52803820926057,151.63434586760718,347.5890949301026,195.9547490624954,0.034205026317223414,-24.735824870180927,122.34705492304909,75.26030287670746,-300.0,11.071286827246958,6.606856740759888,03-01-03-02-01-02-23.wav,happy,23
3.2365625,0.275,252.10572413955998,37.78499693961608,153.78470262111634,315.071806572688,161.28710395157165,0.030774742539724658,-16.752949697703095,108.8930585209563,74.52888445456965,-300.0,9.043104072892799,6.639302532938403,03-01-03-02-02-01-23.wav,happy,23
3.2365625,0.2875,243.58087806929183,42.21016261864801,132.13705741232127,302.8969858310441,170.75992841872284,0.02599061633337373,-0.3485798640377911,87.40621200928463,73.3328419476779,-300.0,8.779784431141167,6.222726588423175,03-01-03-02-02-02-23.wav,happy,23
3.6036041666666665,0.37815126050420167,125.6342832565437,17.254682403011667,96.1542534396471,182.5630084028604,86.40875496321328,0.004615035369079494,-30.19908115795231,119.71137388088417,57.969971631095476,-300.0,11.066446252098581,5.846017905568745,03-01-04-01-01-01-23.wav,sad,23
3.8705416666666665,0.3567708333333333,124.38075382242494,15.98279678754604,103.0710488948079,172.91300268267875,69.84195378787085,0.005155478289305081,-9.996946825991587,96.154146765591,59.47210285950287,-300.0,12.63405674212698,6.151079760836597,03-01-04-01-01-02-23.wav,sad,23
3.5702291666666666,0.3361581920903955,137.57641954597295,15.657710893495103,113.69794755612935,174.4125613873281,60.71461383119876,0.006803267814973368,20.317405127549087,33.055649565732885,62.406436002548574,-300.0,9.92315274907622,6.538789767833928,03-01-04-01-02-01-23.wav,sad,23
3.6703333333333332,0.31043956043956045,132.2301210373838,13.264659323128516,108.99223618162445,164.7140480499483,55.721811868323854,0.007014929101670238,-9.585366596887148,104.1798129824809,61.61175807620336,-300.0,9.15141368150238,6.30678188479437,03-01-04-01-02-02-23.wav,sad,23
4.2709375,0.3231132075471698,181.23111878124632,29.248523472690614,135.02656544095933,235.5524820214341,100.52591658047476,0.010042716091833895,30.107433683753676,22.31091305389735,65.81954347771124,-11.861967821010754,12.512114965168433,7.7116048912175605,03-01-04-02-01-01-23.wav,sad,23
4.371020833333334,0.2695852534562212,171.17675378462775,20.043682964956805,132.89047510122464,203.74218808532348,70.85171298409884,0.007839689844623058,22.138880520652318,26.355678685714775,66.20194356331324,-41.28408530812651,12.038696412478027,6.9107702036876475,03-01-04-02-01-02-23.wav,sad,23
3.9372708333333333,0.3333333333333333,169.22755472455623,12.755206935571612,140.4164831155355,202.4953241061747,62.07884099063921,0.006865798831843846,13.39881607914867,52.093820727160896,61.16918579729682,-300.0,9.803866418216682,7.188898959009435,03-01-04-02-02-01-23.wav,sad,23
4.7380625,0.30425531914893617,167.84887179040928,15.037256482953516,135.53383332021193,205.27204704597614,69.73821372576421,0.007649171033944174,29.585583793356744,21.666566915278057,62.88493775197708,-31.426234369353587,11.737632217140007,6.773291807219362,03-01-04-02-02-02-23.wav,sad,23
3.3033125,0.290519877675841,231.36361227968874,72.28228773670877,131.14691624919294,595.1825147011705,464.03559845197753,0.024191747931521262,17.021314966647275,37.26947876335219,73.26788134142245,-53.65301281366948,8.511800606102339,6.021996716920102,03-01-05-01-01-01-23.wav,angry,23
3.3033125,0.27522935779816515,221.00002686592077,38.08269603897848,153.73143085277496,335.14144846803384,181.41001761525888,0.025049757777994595,-17.591956341908062,114.14634773342279,73.75262745781471,-300.0,8.816489003168366,5.2481286555343525,03-01-05-01-01-02-23.wav,angry,23
3.2699375,0.2755417956656347,210.16942406865414,37.94768444343603,122.0721257222036,277.98029776392065,155.90817204171705,0.023534174494736732,14.357631837291807,62.64122774349657,72.38241073270308,-300.0,7.227826508619219,6.399323775802814,03-01-05-01-02-01-23.wav,angry,23
3.3366666666666664,0.2727272727272727,215.28244152482944,36.5851772957609,154.24623202574193,272.13775652733244,117.89152450159051,0.022536313939485592,6.533151255084748,74.97418981369793,71.07258196156802,-300.0,7.580328052723991,6.962077696390812,03-01-05-01-02-02-23.wav,angry,23
3.403395833333333,0.3026706231454006,307.0663410609453,55.62255066238881,79.87000846709856,391.63592375314596,311.7659152860474,0.06957621886510501,26.11042257448743,40.06476957497354,82.5071420229858,-300.0,10.56817818641037,7.272020800823344,03-01-05-02-01-01-23.wav,angry,23
3.3366666666666664,0.296969696969697,313.2520082464818,46.50311399923459,221.74643894894245,394.6862897547731,172.93985080583064,0.06906565285686204,30.368950310306875,31.84206508136712,83.43592155334646,-11.404990070400745,11.651640627267446,6.251132841302625,03-01-05-02-01-02-23.wav,angry,23
3.2365625,0.290625,312.5997977301014,50.54284751366759,166.0706355617543,391.13640308591954,225.06576752416524,0.09409699824768913,32.31584815325564,31.065760486440386,87.90263287583458,-5.148104923967228,12.008603333371328,6.656002258931864,03-01-05-02-02-01-23.wav,angry,23
3.3032916666666665,0.28440366972477066,298.301011957951,50.40691375597006,185.14443703676412,381.55499058316826,196.41055354640415,0.08133990833875887,27.7939903606003,35.33768907433231,87.52968070651374,-64.31428992384876,13.141813176032946,6.981884714003026,03-01-05-02-02-02-23.wav,angry,23
3.4367708333333336,0.3088235294117647,146.66390065090354,20.040369093030115,97.0946391989308,198.09473378629042,101.00009458735961,0.009693827269650224,7.058905003990069,73.51081073702117,65.49782382684975,-300.0,8.24227732103977,6.379858672139693,03-01-06-01-01-01-23.wav,fearful,23
3.2365625,0.3375,143.69373677928434,16.468841105019592,106.72639262163612,186.41149062898262,79.6850980073465,0.00559857780238468,16.40038848586889,28.530393854249517,61.1030321130552,-39.97399130780207,10.176231346523656,6.457624478560471,03-01-06-01-01-02-23.wav,fearful,23
3.136458333333333,0.3096774193548387,146.67796895455663,16.517646079767946,103.54443371399714,178.7295767916539,75.18514307765676,0.008282236898958283,9.326373217279336,54.22100101279328,66.15940045588759,-300.0,10.480564212659333,6.400946832465853,03-01-06-01-02-01-23.wav,fearful,23
3.1031041666666668,0.30293159609120524,148.7623843650501,15.452103626460886,102.46810442541398,183.63979128266362,81.17168685724964,0.0070666625586298425,-24.93312272229371,111.67432419956612,63.3788974833824,-300.0,10.11940304789897,5.921264221190823,03-01-06-01-02-02-23.wav,fearful,23
3.5702291666666666,0.3757062146892655,186.4551390472379,20.67530826747662,136.97188227603542,221.39189279165163,84.42001051561621,0.01992177881751013,31.249144775426938,26.141304099638297,70.45703413476988,-20.75451170716281,13.107982151264396,7.386672400360111,03-01-06-02-01-01-23.wav,fearful,23
3.4367708333333336,0.3323529411764706,184.3449346159715,18.451367121957116,125.15444560987571,214.02990759776688,88.87546198789117,0.019199251451998443,2.8549474434652833,89.1436488041459,69.68959983903883,-300.0,11.97222279445723,8.133550922580355,03-01-06-02-01-02-23.wav,fearful,23
3.57025,0.3389830508474576,191.375537670802,22.277114669982687,139.70777555481277,237.34017915875336,97.63240360394059,0.0278659071559889,28.698468078562296,32.05988965211422,73.15285997959448,-39.03824982629309,7.691002349238669,6.1990468155266445,03-01-06-02-02-01-23.wav,fearful,23
3.536875,0.32857142857142857,178.10448530010785,18.177733254459696,139.30342037381573,213.16825771310346,73.86483733928773,0.020648610198084977,-23.628011781277515,134.2746318635833,69.58689487494873,-300.0,8.962186657411184,6.8460543033379135,03-01-06-02-02-02-23.wav,fearful,23
3.5702291666666666,0.2655367231638418,132.16037399146566,20.06580994356903,105.48258172451906,182.6742019378988,77.19162021337974,0.006494988508741711,13.28086205698393,52.059885465972904,62.24946973970301,-300.0,8.03793953977226,6.135916378638304,03-01-07-01-01-01-23.wav,disgust,23
3.5702291666666666,0.2514124293785311,135.96092326265733,20.838719430872768,102.87564467394724,187.0744710809412,84.19882640699397,0.005897925508378623,16.217160395342976,29.53054904895034,63.292508819746885,-45.87742758359282,6.347418032136424,6.208167634243408,03-01-07-01-01-02-23.wav,disgust,23
3.470125,0.23255813953488372,137.02238673618686,26.020725034794122,98.58623985836675,190.83821501772735,92.2519751593606,0.005764303673867834,7.507999443238015,57.91507739656118,62.34721359705549,-300.0,4.929140984373052,5.521757285158458,03-01-07-01-02-01-23.wav,disgust,23
3.3366666666666664,0.2545454545454545,142.22666694945062,17.28963133215012,111.82575551853016,175.49480986799765,63.66905434946749,0.006465485277178522,18.050499789904364,28.2455594975731,61.90214792668836,-28.78998630621346,6.553515812107573,6.583406017430726,03-01-07-01-02-02-23.wav,disgust,23
4.070729166666666,0.2202970297029703,171.84968812482705,37.24394756719172,105.06784473272351,243.60552728528205,138.53768255255852,0.01521260617171988,5.524328715184577,76.66661504382651,70.6649038349577,-300.0,7.9431055304564415,6.865600010941473,03-01-07-02-01-01-23.wav,disgust,23
3.8705208333333334,0.24479166666666666,165.5325841384505,31.803506800771938,109.03259752751035,230.83899305500216,121.80639552749182,0.012425695055561545,21.499753832995186,36.94842933346068,68.12433472005075,-300.0,7.899531457659594,6.793387971923728,03-01-07-02-01-02-23.wav,disgust,23
3.7370625,0.2891891891891892,163.48595452961013,32.59999701929004,100.32736140498325,226.2829875125703,125.95562610758704,0.014658199286503703,18.35831453912394,51.682818931525965,67.61568178265978,-300.0,5.874749007747394,6.118945775689249,03-01-07-02-02-01-23.wav,disgust,23
3.8705208333333334,0.2838541666666667,165.19106665080687,33.27281999397162,110.94907209817579,233.5088751244476,122.55980302627181,0.013070352028219757,-18.91529630127363,120.0547245056309,67.37439942914088,-300.0,6.433178040497199,6.9908508424455915,03-01-07-02-02-02-23.wav,disgust,23
3.2699375,0.3065015479876161,240.66241784352627,58.76660486909226,158.28990245918962,345.9932292279395,187.70332676874986,0.019289605793692294,13.355155140506932,62.290338602980064,69.32969384843186,-300.0,7.31759023109794,5.353675129584397,03-01-08-01-01-01-23.wav,surprised,23
3.2365625,0.33125,238.5724034344818,51.83508957680165,157.28287035907192,329.3573173119796,172.0744469529077,0.01771725755724529,25.236254524709885,28.771538585230033,68.31536496400155,-15.61271406792575,8.245330883540527,4.587154264182897,03-01-08-01-01-02-23.wav,surprised,23
3.3032916666666665,0.3180428134556575,235.38038712042186,63.835582226026105,144.4649253801651,340.26555752788613,195.80063214772102,0.022900440639148995,26.573636010800282,29.7905247641629,73.03666498741586,-21.78410190802996,7.223193833447395,5.127285513562347,03-01-08-01-02-01-23.wav,surprised,23
3.3033125,0.308868501529052,245.17046880558158,57.78777118190633,159.62143082432942,340.93676489088637,181.31533406655694,0.023776219580011193,25.633949463577782,30.468474795628385,74.15383555134349,-16.75412697099304,8.339994119235984,5.079199001268285,03-01-08-01-02-02-23.wav,surprised,23
3.5035,0.3256484149855908,266.56802468758696,66.93394069468759,134.3446016012891,363.5293803545831,229.184778753294,0.025195649080606237,28.67607529771091,29.28084784192147,73.0007439816861,-9.23875681899607,8.985781874079802,5.678026285353194,03-01-08-02-01-01-23.wav,surprised,23
3.3700208333333332,0.30538922155688625,282.46162030116625,48.716038947186334,190.32727262036187,365.5715890604844,175.24431644012256,0.028121554004470372,25.35148605263199,32.45247509846007,73.58399680268698,-21.94280036700572,8.823952130786425,6.176151948866294,03-01-08-02-01-02-23.wav,surprised,23
3.3366666666666664,0.27575757575757576,286.23093781841686,55.78436354680976,164.4416802211677,359.91796220731857,195.47628198615087,0.03445908228366236,1.9246045693305749,89.52444341830453,78.12886193459352,-300.0,8.831296727753452,6.222944840751289,03-01-08-02-02-01-23.wav,surprised,23
3.3032916666666665,0.28134556574923547,271.24512941391805,52.753072347891745,167.41441791661154,357.8722509401228,190.45783302351126,0.02797609809394874,25.6453332825448,31.547750582363836,73.69150607769932,-31.017027322062507,7.823486511811257,6.570936032894432,03-01-08-02-02-02-23.wav,surprised,23
3.703708333333333,0.3651226158038147,221.19086052620952,21.07238864093751,186.64631350039068,264.1060346615566,77.4597211611659,0.004300964095258995,-35.135658029185876,126.68076675427669,59.21522426490664,-300.0,14.451927710715134,7.896226855285532,03-01-01-01-01-01-24.wav,neutral,24
3.6369583333333333,0.35,221.7050712275796,29.271800716200996,91.4556355422748,269.8248678676577,178.36923232538288,0.004001056927591304,-22.603106404913213,113.07551543421924,57.50235323584307,-300.0,11.82850450039577,7.265895254812186,03-01-01-01-01-02-24.wav,neutral,24
3.636979166666667,0.38333333333333336,231.1626894192497,36.46701859342509,98.62220603663059,297.3290624950921,198.70685645846152,0.004861332432734269,-29.991028670726465,123.9663873014202,60.01721170606898,-300.0,13.333835914883336,8.228171387538152,03-01-01-01-02-01-24.wav,neutral,24
3.6036041666666665,0.3389355742296919,226.66671818575864,23.781820229206268,186.67375844657528,281.69773831444604,95.02397986787076,0.006039009565289555,-14.972144317968768,107.18158742099351,61.32697242152222,-300.0,14.266163480021536,8.72301372066118,03-01-01-01-02-02-24.wav,neutral,24
3.6036041666666665,0.3389355742296919,231.005503122289,36.603303968077995,182.84376270363256,321.05316713998405,138.2094044363515,0.005893429815844408,-26.542126440927145,121.7702806680044,61.74980618616107,-300.0,12.394015196509795,7.146044801339567,03-01-03-01-01-01-24.wav,happy,24
3.9038958333333333,0.3875968992248062,233.12723332802872,38.1001473164223,174.3647428306935,322.1519883861103,147.7872455554168,0.005625980996588954,-14.363821747216198,109.79603323681252,59.406563060549445,-300.0,13.256413251617793,7.175749369949137,03-01-03-01-01-02-24.wav,happy,24
3.5035,0.35446685878962536,235.93619512321544,34.16608347727537,188.15856401297364,313.4778638053299,125.31929979235625,0.005622655132127344,-17.181639124207774,108.47222286980377,62.33097354071145,-300.0,12.281652183503006,7.855587231085657,03-01-03-01-02-01-24.wav,happy,24
3.7370625,0.35945945945945945,238.00645478451312,33.22772850689404,192.36713967612354,330.7719064876369,138.40476681151335,0.009710218394737924,-3.324239704506752,99.72267317474515,66.36136499840345,-300.0,13.293774529949786,7.555813877573848,03-01-03-01-02-02-24.wav,happy,24
4.004,0.3702770780856423,262.8146696145835,39.39182793939771,203.7616499666433,361.5950632818819,157.8334133152386,0.017540467155553716,-1.8580686145983172,106.8656294090215,70.4639349628549,-300.0,13.638898497047931,5.7429045756889865,03-01-03-02-01-01-24.wav,happy,24
3.7704375,0.3502673796791444,241.3890109484337,35.447686925515086,198.29950331934853,348.97905006266063,150.6795467433121,0.018946540033196926,-20.17872615390991,126.28248202362911,73.13212635486225,-300.0,12.592449101499824,5.756720447112582,03-01-03-02-01-02-24.wav,happy,24
3.8705416666666665,0.3958333333333333,277.27758621850666,32.251373380291405,218.21690559846917,350.9487496599192,132.73184406145003,0.01776401244539294,-0.9061787595908911,107.15534183589044,68.97980587335996,-300.0,12.94911803044017,7.4249430845976265,03-01-03-02-02-01-24.wav,happy,24
3.8705416666666665,0.3958333333333333,346.18130655546,46.89160364289312,223.67452298314697,413.12725031244906,189.4527273293021,0.029599453641986673,1.3685656613359285,107.09326992376089,74.2547090068735,-300.0,13.47660378483454,7.882273484061377,03-01-03-02-02-02-24.wav,happy,24
4.104104166666667,0.3415233415233415,211.34003070658017,42.05546548172493,81.26508710046025,287.554987803284,206.28990070282376,0.0033712228690436453,-18.693372784097225,108.79786336698038,58.469286344627264,-300.0,13.58426773553621,7.491556476599931,03-01-04-01-01-01-24.wav,sad,24
3.970625,0.39847715736040606,210.61342006045845,10.716594806863865,196.1673484030151,260.0536714816249,63.88632307860982,0.0024527107509064415,-25.964752179701,115.42190817923272,53.361887401186465,-300.0,13.085708307632933,7.0510886821888725,03-01-04-01-01-02-24.wav,sad,24
3.536875,0.37142857142857144,214.5420918597098,21.77201405378327,189.38281901578125,267.9381644975789,78.55534548179764,0.005122562622681404,-31.138333089516394,123.2648857489315,60.81882693015132,-300.0,15.604590724582454,6.77653384654569,03-01-04-01-02-01-24.wav,sad,24
3.8371666666666666,0.28421052631578947,177.13273168539175,53.52376440303621,77.13684303913297,244.7540975400036,167.61725450087064,0.0037458298968350264,-23.324655782268735,114.37767672546451,58.15246719404661,-300.0,11.15302947829893,8.709758161700332,03-01-04-01-02-02-24.wav,sad,24
4.404395833333333,0.40503432494279173,311.055295493556,50.33872881783084,197.70999330109885,428.68021878004487,230.97022547894602,0.01417983304350572,27.543732862610927,27.74745932230438,69.52951134535323,-19.63965209436804,11.678028165369417,6.279401932461322,03-01-04-02-01-01-24.wav,sad,24
4.57125,0.3502202643171806,263.17863915506746,77.36698375313745,74.95975917006221,508.2055592752757,433.24580010521345,0.009680227588672454,9.261518210818135,83.18375065104019,69.16363618257395,-300.0,9.269576278438832,6.122057331025288,03-01-04-02-01-02-24.wav,sad,24
4.204208333333334,0.3261390887290168,260.1665031368389,66.51750743847617,90.89614712830809,525.0587670949326,434.1626199666245,0.010304619161744489,33.18801375551209,22.985575012588985,65.80030786046665,-42.264160609247774,6.281559977926663,5.853666283353577,03-01-04-02-02-01-24.wav,sad,24
4.671333333333333,0.2952586206896552,221.2757565325256,67.30483169474587,115.63113035891887,528.7078578992971,413.0767275403782,0.004579400142145882,-29.195903932854517,125.89431182359849,59.64192514977547,-300.0,9.928190205141156,7.831014721026972,03-01-04-02-02-02-24.wav,sad,24
4.104104166666667,0.3538083538083538,250.4307696745233,32.38536683567874,180.87732383006292,349.47023642885915,168.59291259879623,0.02554479142712701,-26.85537142292067,136.22340805861214,74.34399837399967,-300.0,12.765529170210074,6.732324723832063,03-01-05-01-01-01-24.wav,angry,24
3.7370625,0.3783783783783784,265.53073931407937,32.56657930433122,201.35971642491074,342.6103464855316,141.25063006062084,0.02844149797664437,-14.73100890089582,122.14848103839111,74.46395876419983,-300.0,12.176572159675539,7.119783805953124,03-01-05-01-01-02-24.wav,angry,24
3.6703333333333332,0.33516483516483514,220.96808149719706,33.4034201140011,75.31447525644691,268.9599537194306,193.64547846298368,0.022827529921036916,-4.322675141939829,107.05951722966631,74.30795520315644,-300.0,11.298761694395521,7.166757393842097,03-01-05-01-02-01-24.wav,angry,24
4.2041875,0.37170263788968827,244.26000873307143,22.587861542156702,192.2975620390976,302.65788054388855,110.36031850479094,0.028542949046252767,32.65755100381995,44.6635748144196,73.23876121760775,-300.0,11.643856125459124,8.843383439278181,03-01-05-01-02-02-24.wav,angry,24
4.371041666666667,0.3986175115207373,278.0903492638915,33.81742466587994,182.2955169018844,355.41348769449985,173.11797079261544,0.05468672053231348,-0.29049672402383875,116.27262447599242,81.30102672581413,-300.0,12.405456724460493,7.10163063145968,03-01-05-02-01-01-24.wav,angry,24
4.371041666666667,0.3709677419354839,280.79961664019237,39.651174350031646,203.05411066782787,367.0890482333638,164.03493756553596,0.041200689901259094,-15.608807328455056,128.1766398637499,77.55269525540312,-300.0,13.509185608689,6.984737263555672,03-01-05-02-01-02-24.wav,angry,24
4.170833333333333,0.357487922705314,242.68832853583484,25.12166850201205,168.5062081970319,290.4575998272991,121.95139163026718,0.029336644089030965,19.983467958297993,68.25036395241061,75.34430409270463,-300.0,9.451955632540765,7.622382517139651,03-01-05-02-02-01-24.wav,angry,24
5.105104166666667,0.3629191321499014,256.8199063396306,30.552717093937947,161.27000661590617,407.3511815634866,246.08117494758042,0.03331945324115039,-0.5546170301564192,111.64365771893827,75.87174856953715,-300.0,12.47014590235966,7.849439514482686,03-01-05-02-02-02-24.wav,angry,24
4.104104166666667,0.3415233415233415,327.1424504477458,40.66647908391447,252.10713291759964,403.6578569015814,151.55072398398175,0.022214915582267854,25.99464622276186,57.80972213099296,73.18239557385914,-300.0,14.31607565125341,8.589114362747676,03-01-06-01-01-01-24.wav,fearful,24
4.070729166666666,0.3292079207920792,367.8570254554223,57.73373502839904,263.06506616372474,539.8923687720873,276.8273026083625,0.018892816519308277,-15.859399218945356,123.87649977991448,71.91460105583067,-300.0,9.495192643663268,7.109748890205429,03-01-06-01-01-02-24.wav,fearful,24
3.93725,0.33076923076923076,317.1376934964519,25.284208047872497,256.5295824291442,386.65317137477035,130.12358894562612,0.02168374926788742,23.219864462000288,65.2765649206229,72.81819997720764,-300.0,13.13353776496863,9.284311221265332,03-01-06-01-02-01-24.wav,fearful,24
4.004,0.3677581863979849,312.2583386369271,26.931183747854845,248.0650389967119,373.65734566794464,125.59230667123273,0.01757217417316521,21.33372062963193,63.83364649673577,70.50092857911005,-300.0,10.132027347079369,8.27928132502493,03-01-06-01-02-02-24.wav,fearful,24
3.8371666666666666,0.3868421052631579,405.98083282246563,109.062816864905,199.4337121641048,595.8586248378425,396.4249126737377,0.05965961805906322,-4.050387069834349,122.21529775896899,82.43769438608854,-300.0,16.152613382110967,6.288501779443142,03-01-06-02-01-01-24.wav,fearful,24
4.070729166666666,0.31683168316831684,482.7919060063857,74.91064865286008,293.50833887349836,599.7869303766481,306.27859150314976,0.03400989364235033,25.110093002441896,48.03153002317554,79.13594031677496,-300.0,13.025934266862613,7.077292977113366,03-01-06-02-01-02-24.wav,fearful,24
3.6035833333333334,0.3445378151260504,407.4207326648661,112.9340752781064,266.8381713534636,598.7803992317747,331.9422278783111,0.05834003012518997,-9.427932701468674,124.42551805851845,80.73615328073514,-300.0,14.929256612859598,8.496802743637858,03-01-06-02-02-01-24.wav,fearful,24
3.8371666666666666,0.39210526315789473,372.0333432903843,103.91504510454287,270.4235779969235,599.8669785981175,329.443400601194,0.0712866642387446,-8.71373415673567,126.12943577447857,80.945181073076,-300.0,16.478735412627756,8.195136789024003,03-01-06-02-02-02-24.wav,fearful,24
4.304291666666667,0.40046838407494145,221.5329481997314,58.630093024960836,76.76343803326951,567.5942988191108,490.8308607858413,0.008534318425181913,-37.1689626948524,141.0429912697457,64.93330797512279,-300.0,12.136082566899775,6.793417180354,03-01-07-01-01-01-24.wav,disgust,24
4.104104166666667,0.32678132678132676,226.10954133544678,60.1247975883169,90.08532947992553,539.0810133802592,448.99568390033363,0.009860456736890214,3.5196648544863716,93.75905328787191,67.842153004351,-300.0,10.90682089111744,7.2515340185121735,03-01-07-01-01-02-24.wav,disgust,24
4.004,0.345088161209068,227.05144231756387,58.80770139729484,75.22750104120162,590.691911928356,515.4644108871544,0.010291067457010784,6.324761073098641,89.72650597142675,67.5068655473021,-300.0,9.989257520406143,6.119666239971732,03-01-07-01-02-01-24.wav,disgust,24
4.070729166666666,0.3292079207920792,228.69321567622927,118.39145170019918,75.37192128035231,599.8608344618851,524.4889131815328,0.011637786383010275,5.03017949219863,93.00565182468496,69.0006802638016,-300.0,7.2671220453018,7.489146888870597,03-01-07-01-02-02-24.wav,disgust,24
4.337666666666666,0.1883720930232558,268.2097117582761,156.63965976743685,76.38187796194866,595.4636409406831,519.0817629787344,0.004960407199935757,8.653284080142539,76.15513422603063,61.61645919610011,-300.0,4.033255379548473,5.144968991149362,03-01-07-02-01-01-24.wav,disgust,24
4.637958333333334,0.40652173913043477,281.7881512190009,54.44303306790765,189.5576146548241,439.51919791214095,249.96158325731685,0.019237322767323664,29.098866731216024,54.40058389467209,71.57913785943181,-300.0,11.017721401495772,8.300248072366006,03-01-07-02-01-02-24.wav,disgust,24
4.2375625,0.3880952380952381,280.84052915364003,72.37979401078778,201.9442809626525,597.6339667831382,395.68968582048575,0.021992821105613555,24.294868110451493,61.411452534244525,73.61933712275514,-300.0,11.558286454495521,7.99975275706504,03-01-07-02-02-01-24.wav,disgust,24
4.437770833333333,0.38636363636363635,269.89208663137777,40.336370980948566,228.99826206007592,542.8532761638612,313.85501410378527,0.019261575146427744,19.285848569522607,79.98627490599755,69.87856644802702,-300.0,11.23386485038249,9.274212619848262,03-01-07-02-02-02-24.wav,disgust,24
3.3033125,0.3058103975535168,330.01004615777646,67.589231375557,206.19489156448003,462.08882819201756,255.89393662753753,0.004481883900076693,-59.09449499715163,144.10502416155018,59.68013685040866,-300.0,9.364216117242034,6.674420284942591,03-01-08-01-01-01-24.wav,surprised,24
3.4701458333333335,0.30523255813953487,355.76133075974565,104.9503227697642,205.08039224225925,558.7494896463623,353.6690974041031,0.013631980881652603,-21.082682650215784,123.15893160814089,66.98476487380492,-300.0,7.727617700204521,5.776388060477466,03-01-08-01-01-02-24.wav,surprised,24
3.370041666666667,0.31137724550898205,281.8643141108477,58.08469730799953,195.4420945533602,409.58884417054384,214.14674961718364,0.011027466661640012,-21.80737316413279,122.58695435338979,67.18686745873364,-300.0,8.987350492489432,6.781057849966646,03-01-08-01-02-01-24.wav,surprised,24
3.403395833333333,0.33827893175074186,361.0450161591849,104.63002932347054,209.74553211840058,597.8148958695818,388.0693637511813,0.013139317561860948,-4.614469300024114,103.43145050911426,66.42517447284648,-300.0,11.068630905238255,7.12806877972098,03-01-08-01-02-02-24.wav,surprised,24
3.9372708333333333,0.3564102564102564,332.35139645984833,105.69199321968405,204.20504684569883,599.7935970396522,395.58855019395344,0.020143890810432354,4.933498100457898,96.74104813923324,72.13175149131288,-300.0,8.949383399461704,5.653342082967128,03-01-08-02-01-01-24.wav,surprised,24
3.970625,0.35786802030456855,334.717822847867,83.40737221977332,219.1036318952052,592.6861473577915,373.58251546258623,0.016888242818883098,-4.503854674093857,109.42145447041717,68.47055036916592,-300.0,9.458727720435554,6.6041075500316175,03-01-08-02-01-02-24.wav,surprised,24
3.6703333333333332,0.3241758241758242,330.61272102843276,55.975182512768484,227.9668544337343,463.07812692435107,235.11127249061676,0.02263324101148312,11.286080940953081,94.31629151234345,71.64269910523294,-300.0,7.7401632266541585,7.441707001639492,03-01-08-02-02-01-24.wav,surprised,24
3.6369583333333333,0.3333333333333333,351.72909574836314,80.14138708091505,220.34532015764265,587.3441940641197,366.9988739064771,0.021391776313211448,17.7668021302632,82.60568829303142,73.86857751232543,-300.0,8.564742917953543,6.857925116427203,03-01-08-02-02-02-24.wav,surprised,24
